052_400011_0327014_DON.txt,-0.65005272,-1.075841719,2310,7690
052_400011_0327044_DON.txt,-0.65005272,-1.075841719,2310,7690
052_400011_0327046_DON.txt,-0.65005272,-1.075841719,2310,7690
052_400011_1479040_DON.txt,-0.65005272,-1.075841719,2310,7690
052_400011_1479044_DON.txt,-0.65005272,-1.075841719,2310,7690
052_400011_1479046_DON.txt,-0.65005272,-1.075841719,2310,7690
052_400011_1479048_DON.txt,-0.65005272,-1.075841719,2310,7690
052_400011_1479050_DON.txt,-0.65005272,-1.075841719,2310,7690
052_400011_1479065_DON.txt,-0.65005272,-1.075841719,2310,7690
052_400011_1479069_DON.txt,-0.65005272,-1.075841719,2310,7690
052_400033_1479034_DOY.txt,0.67740378,1.121107911,7803,2197
052_400077_0327001_ROY.txt,0.72081206,1.192948912,7982,2018
052_400077_0327002_ROY.txt,0.72081206,1.192948912,7982,2018
052_400077_0327003_ROY.txt,0.72081206,1.192948912,7982,2018
052_400077_0327005_ROY.txt,0.72081206,1.192948912,7982,2018
052_400080_0327047_DON.txt,-0.239629,-0.396587642,4009,5991
052_400080_0327050_DON.txt,-0.239629,-0.396587642,4009,5991
052_400080_0327055_DON.txt,-0.239629,-0.396587642,4009,5991
052_400095_1479079_ROY.txt,-1.0433172,-1.726697135,683,9317
052_400095_1479086_ROY.txt,-1.0433172,-1.726697135,683,9317
052_400115_1479063_ROY.txt,-0.44686255,-0.739560591,3151,6849
052_400174_1479117_ROY.txt,-1.000234,-1.655394143,862,9138
052_400199_0327040_DON.txt,-0.62012973,-1.026318964,2434,7566
052_400199_0327043_DON.txt,-0.62012973,-1.026318964,2434,7566
052_400199_1479059_DMN.txt,-0.62012973,-1.026318964,2434,7566
052_400228_1479004_ROY.txt,-0.004824842,-0.007985147,4980,5020
052_400228_1479039_ROY.txt,-0.004824842,-0.007985147,4980,5020
052_400228_1479043_ROY.txt,-0.004824842,-0.007985147,4980,5020
052_400228_1479047_ROY.txt,-0.004824842,-0.007985147,4980,5020
052_400239_1479007_ROY.txt,0.63589412,1.052409138,7631,2369
052_400239_1479009_ROY.txt,0.63589412,1.052409138,7631,2369
052_400239_1479017_ROY.txt,0.63589412,1.052409138,7631,2369
052_400239_1479019_ROY.txt,0.63589412,1.052409138,7631,2369
052_400239_1479054_ROY.txt,0.63589412,1.052409138,7631,2369
052_400239_1479078_ROY.txt,0.63589412,1.052409138,7631,2369
052_400239_1479081_ROY.txt,0.63589412,1.052409138,7631,2369
052_400239_1479093_ROY.txt,0.63589412,1.052409138,7631,2369
052_400239_1479095_ROY.txt,0.63589412,1.052409138,7631,2369
052_400239_1479100_ROY.txt,0.63589412,1.052409138,7631,2369
052_400239_1479121_ROY.txt,0.63589412,1.052409138,7631,2369
052_400276_0327013_ROY.txt,0.32420318,0.536558491,6341,3659
052_400276_0327015_ROY.txt,0.32420318,0.536558491,6341,3659
052_400276_0327017_ROY.txt,0.32420318,0.536558491,6341,3659
052_400276_0327019_ROY.txt,0.32420318,0.536558491,6341,3659
052_400276_0327051_ROY.txt,0.32420318,0.536558491,6341,3659
052_400283_1479006_DON.txt,0.1428496,0.23641707,5591,4409
052_400283_1479008_DON.txt,0.1428496,0.23641707,5591,4409
052_400283_1479010_DON.txt,0.1428496,0.23641707,5591,4409
052_400283_1479074_DON.txt,0.1428496,0.23641707,5591,4409
052_400283_1479076_DON.txt,0.1428496,0.23641707,5591,4409
052_400283_1479084_DON.txt,0.1428496,0.23641707,5591,4409
052_400298_1479060_RMY.txt,1.1399312,1.886593969,9716,284
052_400311_0327020_ROY.txt,-0.027789872,-0.045992429,4885,5115
052_400317_1479012_ROY.txt,0.63758244,1.055203319,7638,2362
052_400343_0327023_RON.txt,-0.89175276,-1.475856946,1310,8690
052_400626_1479018_ROY.txt,1.0543015,1.744876227,9362,638
199_400008_1134011_DOY.txt,-0.78247122,-1.545728974,1136,8864
199_400029_1129001_ROY.txt,-0.24786485,-0.489643415,3776,6224
199_400029_1129013_ROY.txt,-0.24786485,-0.489643415,3776,6224
199_400056_2013027_ROY.txt,-0.051171079,-0.10108566,4747,5253
199_400077_1134002_ROY.txt,0.80828446,1.596721614,8992,1008
199_400077_1134004_ROY.txt,0.80828446,1.596721614,8992,1008
199_400098_1134006_RMY.txt,0.33907033,0.669814838,6675,3325
199_400109_2013006_DOY.txt,0.33980062,0.671257486,6678,3322
199_400109_2013024_DOY.txt,0.33980062,0.671257486,6678,3322
199_400109_2013026_DOY.txt,0.33980062,0.671257486,6678,3322
199_400109_2013028_DOY.txt,0.33980062,0.671257486,6678,3322
199_400133_2013013_DOY.txt,-0.012580982,-0.02485304,4938,5062
199_400170_1129008_DON.txt,0.30443634,0.60139729,6503,3497
199_400170_1129011_DON.txt,0.30443634,0.60139729,6503,3497
199_400179_1134107_DOY.txt,0.63461977,1.253656545,8134,1866
199_400263_1129006_DON.txt,-0.4225044,-0.834634266,2913,7087
199_400279_1134059_ROY.txt,0.22406494,0.442627998,6107,3893
199_400283_1134106_DOY.txt,0.51015416,1.007781559,7519,2481
199_400293_1129014_RMY.txt,0.5002613,0.988238757,7471,2529
199_400300_1132004_DON.txt,-0.48604462,-0.960154486,2600,7400
199_400300_1134109_DON.txt,-0.48604462,-0.960154486,2600,7400
199_400300_1134110_DON.txt,-0.48604462,-0.960154486,2600,7400
199_400300_1134112_DON.txt,-0.48604462,-0.960154486,2600,7400
199_400300_2013002_DON.txt,-0.48604462,-0.960154486,2600,7400
199_400300_2013003_DON.txt,-0.48604462,-0.960154486,2600,7400
199_400300_2013011_DON.txt,-0.48604462,-0.960154486,2600,7400
199_400300_2013035_DON.txt,-0.48604462,-0.960154486,2600,7400
199_400331_1134016_DON.txt,-1.1653456,-2.30207631,0,10000
199_400331_1134033_DON.txt,-1.1653456,-2.30207631,0,10000
199_400351_1129016_ROY.txt,0.62971184,1.243961198,8110,1890
199_400384_1134091_DON.txt,-0.77112686,-1.523318813,1192,8808
199_400398_1132003_ROY.txt,-0.18810203,-0.371585242,4071,5929
199_400398_1134001_ROY.txt,-0.18810203,-0.371585242,4071,5929
199_400398_1134003_ROY.txt,-0.18810203,-0.371585242,4071,5929
199_400398_1134047_ROY.txt,-0.18810203,-0.371585242,4071,5929
199_400398_1134072_ROY.txt,-0.18810203,-0.371585242,4071,5929
199_400398_1134074_ROY.txt,-0.18810203,-0.371585242,4071,5929
199_400398_1134081_ROY.txt,-0.18810203,-0.371585242,4071,5929
199_400398_1134111_ROY.txt,-0.18810203,-0.371585242,4071,5929
199_400398_2013007_ROY.txt,-0.18810203,-0.371585242,4071,5929
199_400398_2013010_ROY.txt,-0.18810203,-0.371585242,4071,5929
199_400420_2013015_ROY.txt,0.92252952,1.822406463,9556,444
199_400421_2013019_ROY.txt,-0.085450441,-0.168802659,4578,5422
199_400628_1134105_DOY.txt,0.31183532,0.616013569,6540,3460
199_400636_1129015_ROY.txt,0.7351234,1.452195953,8630,1370
421_400009_2010047_DMN.txt,-0.43827357,-0.839228329,2902,7098
421_400016_2010032_RMY.txt,0.47314502,0.90600194,7265,2735
421_400050_2053027_DON.txt,-0.58044679,-1.111468779,2221,7779
421_400064_2053024_DON.txt,-0.29262908,-0.560340917,3599,6401
421_400072_2010021_ROY.txt,1.1655343,2.231823843,10000,0
421_400123_2010005_ROY.txt,-0.26939901,-0.515858807,3710,6290
421_400123_2010016_ROY.txt,-0.26939901,-0.515858807,3710,6290
421_400123_2010035_ROY.txt,-0.26939901,-0.515858807,3710,6290
421_400123_2010040_ROY.txt,-0.26939901,-0.515858807,3710,6290
421_400123_2053015_ROY.txt,-0.26939901,-0.515858807,3710,6290
421_400160_2010043_DMN.txt,-0.84891758,-1.625550184,936,9064
421_400168_2010028_ROY.txt,0.52515968,1.005602233,7514,2486
421_400173_2010013_ROY.txt,0.36067176,0.690632471,6727,3273
421_400176_2010041_ROY.txt,-0.046223557,-0.088511197,4779,5221
421_400205_2010017_RMY.txt,0.95677582,1.83208258,9580,420
421_400227_2010019_DON.txt,-0.63741265,-1.22054988,1949,8051
421_400238_1983003_DON.txt,-0.094217561,-0.180412536,4549,5451
421_400238_1983005_DON.txt,-0.094217561,-0.180412536,4549,5451
421_400263_2053016_DON.txt,0.17555847,0.33616821,5840,4160
421_400263_2053037_DON.txt,0.17555847,0.33616821,5840,4160
421_400274_1983004_DMN.txt,-0.086486729,-0.165609149,4586,5414
421_400285_2010034_ROY.txt,0.38612868,0.739378665,6848,3152
421_400291_2010023_DON.txt,-0.71018627,-1.359900477,1600,8400
421_400309_2053012_DON.txt,-0.49535114,-0.948523338,2629,7371
421_400309_2053017_DON.txt,-0.49535114,-0.948523338,2629,7371
421_400311_2010048_RON.txt,-0.41018581,-0.78544447,3036,6964
421_400323_1983002_DON.txt,-0.19231285,-0.368250341,4079,5921
421_400328_2053001_ROY.txt,0.35538786,0.680514593,6701,3299
421_400328_2053002_ROY.txt,0.35538786,0.680514593,6701,3299
421_400328_2053005_ROY.txt,0.35538786,0.680514593,6701,3299
421_400328_2053009_ROY.txt,0.35538786,0.680514593,6701,3299
421_400328_2053013_ROY.txt,0.35538786,0.680514593,6701,3299
421_400328_2053014_ROY.txt,0.35538786,0.680514593,6701,3299
421_400328_2053020_ROY.txt,0.35538786,0.680514593,6701,3299
421_400328_2053030_ROY.txt,0.35538786,0.680514593,6701,3299
421_400328_2053033_ROY.txt,0.35538786,0.680514593,6701,3299
421_400333_2010003_DON.txt,0.18117281,0.346918831,5867,4133
421_400333_2010018_DON.txt,0.18117281,0.346918831,5867,4133
421_400333_2010026_DON.txt,0.18117281,0.346918831,5867,4133
421_400333_2010036_DON.txt,0.18117281,0.346918831,5867,4133
421_400333_2010050_DON.txt,0.18117281,0.346918831,5867,4133
421_400338_2010025_ROY.txt,0.852737,1.632863802,9082,918
421_400342_2010030_ROY.txt,0.46066839,0.88211106,7205,2795
421_400342_2053006_ROY.txt,0.46066839,0.88211106,7205,2795
421_400352_2010015_DON.txt,-0.61223448,-1.172337451,2069,7931
421_400369_2010009_ROY.txt,0.89966343,1.722720896,9307,693
421_400369_2053025_ROY.txt,0.89966343,1.722720896,9307,693
421_400385_2010038_RMY.txt,0.066964896,0.128227759,5321,4679
421_400385_2053010_ROY.txt,0.066964896,0.128227759,5321,4679
421_400386_2010042_DON.txt,-0.12216288,-0.233923642,4415,5585
421_400387_2010045_DMN.txt,-1.5399768,-2.948825221,0,10000
421_400401_2010001_ROY.txt,0.26027182,0.498381604,6246,3754
421_400401_2010002_ROY.txt,0.26027182,0.498381604,6246,3754
421_400401_2010004_ROY.txt,0.26027182,0.498381604,6246,3754
421_400412_2010046_DMN.txt,-1.1658296,-2.232389298,0,10000
493_400029_2345001_ROY.txt,0.96755553,2.079317986,10000,0
493_400029_2345015_ROY.txt,0.96755553,2.079317986,10000,0
493_400036_2346007_ROY.txt,-0.20134635,-0.43270187,3918,6082
493_400036_2346009_ROY.txt,-0.20134635,-0.43270187,3918,6082
493_400036_2346028_ROY.txt,-0.20134635,-0.43270187,3918,6082
493_400036_2346036_ROY.txt,-0.20134635,-0.43270187,3918,6082
493_400036_2346051_ROY.txt,-0.20134635,-0.43270187,3918,6082
493_400036_2346082_ROY.txt,-0.20134635,-0.43270187,3918,6082
493_400036_2347010_ROY.txt,-0.20134635,-0.43270187,3918,6082
493_400036_2347042_ROY.txt,-0.20134635,-0.43270187,3918,6082
493_400036_2347047_ROY.txt,-0.20134635,-0.43270187,3918,6082
493_400091_2346044_ROY.txt,-0.94919914,-2.039869323,0,10000
493_400118_2345040_DOY.txt,-0.81393643,-1.749184006,627,9373
493_400120_2347041_DON.txt,0.39424697,0.847253507,7118,2882
493_400120_2347044_DON.txt,0.39424697,0.847253507,7118,2882
493_400133_2346116_DON.txt,1.3759478,2.956970344,10000,0
493_400140_2243020_DON.txt,-0.72991184,-1.568611589,1078,8922
493_400140_2347025_DON.txt,-0.72991184,-1.568611589,1078,8922
493_400168_2345041_ROY.txt,-0.006644477,-0.014279264,4964,5036
493_400170_2345006_DON.txt,-0.08199985,-0.176221165,4559,5441
493_400170_2345030_DON.txt,-0.08199985,-0.176221165,4559,5441
493_400170_2345033_DON.txt,-0.08199985,-0.176221165,4559,5441
493_400170_2345042_DON.txt,-0.08199985,-0.176221165,4559,5441
493_400170_2345044_DON.txt,-0.08199985,-0.176221165,4559,5441
493_400189_2243003_DON.txt,-0.037777372,-0.081185179,4797,5203
493_400189_2243007_DON.txt,-0.037777372,-0.081185179,4797,5203
493_400189_2243009_DON.txt,-0.037777372,-0.081185179,4797,5203
493_400189_2243011_DON.txt,-0.037777372,-0.081185179,4797,5203
493_400189_2243013_DON.txt,-0.037777372,-0.081185179,4797,5203
493_400189_2243015_DON.txt,-0.037777372,-0.081185179,4797,5203
493_400189_2243017_DON.txt,-0.037777372,-0.081185179,4797,5203
493_400189_2243030_DON.txt,-0.037777372,-0.081185179,4797,5203
493_400189_2243036_DON.txt,-0.037777372,-0.081185179,4797,5203
493_400189_2243038_DON.txt,-0.037777372,-0.081185179,4797,5203
493_400189_2243040_DON.txt,-0.037777372,-0.081185179,4797,5203
493_400189_2243042_DON.txt,-0.037777372,-0.081185179,4797,5203
493_400189_2243044_DON.txt,-0.037777372,-0.081185179,4797,5203
493_400189_2243046_DON.txt,-0.037777372,-0.081185179,4797,5203
493_400212_2345009_ROY.txt,0.45795263,0.984159679,7460,2540
493_400267_2346067_RMY.txt,0.36760382,0.789996244,6975,3025
493_400272_2346019_DON.txt,-0.7659773,-1.646117796,885,9115
493_400303_2345032_ROY.txt,0.33682658,0.723854646,6810,3190
493_400303_2347048_ROY.txt,0.33682658,0.723854646,6810,3190
493_400328_2346004_ROY.txt,0.70436534,1.513711074,8784,1216
493_400328_2346008_ROY.txt,0.70436534,1.513711074,8784,1216
493_400334_2346089_RMY.txt,0.38247771,0.821960866,7055,2945
493_400349_2346061_DON.txt,0.60034176,1.290159976,8225,1775
493_400364_2347033_DON.txt,-1.0698832,-2.299224501,0,10000
493_400385_2346077_ROY.txt,-0.094863033,-0.203864693,4490,5510
493_400385_2346083_ROY.txt,-0.094863033,-0.203864693,4490,5510
493_400385_2346086_ROY.txt,-0.094863033,-0.203864693,4490,5510
493_400388_2346097_ROY.txt,-1.000234,-2.149545408,0,10000
493_400400_2346040_ROY.txt,-0.18267936,-0.392585714,4019,5981
493_400422_2243026_DON.txt,0.093421722,0.200767254,5502,4498
493_400436_2346018_DON.txt,-0.49403803,-1.061708739,2346,7654
493_400436_2346029_DON.txt,-0.49403803,-1.061708739,2346,7654
493_400436_2346041_DON.txt,-0.49403803,-1.061708739,2346,7654
493_400436_2347012_DON.txt,-0.49403803,-1.061708739,2346,7654
493_400436_2347053_DON.txt,-0.49403803,-1.061708739,2346,7654
493_400436_2347054_DON.txt,-0.49403803,-1.061708739,2346,7654
493_400626_2346021_RMY.txt,-0.26327869,-0.565797103,3586,6414
493_400657_2346035_DOY.txt,-0.083724764,-0.179928079,4550,5450
553_400071_2672008_RMY.txt,1.3503828,2.375883888,10000,0
553_400151_2668001_RMY.txt,0.64595337,1.136500112,7841,2159
553_400151_2668005_ROY.txt,0.64595337,1.136500112,7841,2159
553_400151_2668007_ROY.txt,0.64595337,1.136500112,7841,2159
553_400151_2668009_ROY.txt,0.64595337,1.136500112,7841,2159
553_400151_2668011_ROY.txt,0.64595337,1.136500112,7841,2159
553_400160_2672035_DMN.txt,-0.21141411,-0.371965177,4070,5930
553_400185_2672021_DMN.txt,-0.57702899,-1.015233518,2462,7538
553_400199_2672015_DON.txt,-0.15358783,-0.270224747,4324,5676
553_400208_2672010_DMN.txt,0.064589639,0.113639986,5284,4716
553_400212_2672004_ROY.txt,0.86073827,1.514395908,8786,1214
553_400218_2672031_DON.txt,0.50265709,0.884382474,7211,2789
553_400263_2668004_DON.txt,-1.1395309,-2.004907871,0,10000
553_400263_2668006_DON.txt,-1.1395309,-2.004907871,0,10000
553_400283_2672022_DMN.txt,-1.0648648,-1.873539207,316,9684
553_400289_2672002_DMN.txt,-0.28208724,-0.496308549,3759,6241
553_400289_2672005_DON.txt,-0.28208724,-0.496308549,3759,6241
553_400289_2672012_DON.txt,-0.28208724,-0.496308549,3759,6241
553_400289_2672016_DON.txt,-0.28208724,-0.496308549,3759,6241
553_400314_2672037_DON.txt,-0.20436909,-0.359570063,4101,5899
553_400361_2672034_DON.txt,-0.17959899,-0.315989175,4210,5790
553_400361_2672038_DON.txt,-0.17959899,-0.315989175,4210,5790
553_400361_2672041_DON.txt,-0.17959899,-0.315989175,4210,5790
553_400361_2672042_DON.txt,-0.17959899,-0.315989175,4210,5790
553_400361_2672044_DON.txt,-0.17959899,-0.315989175,4210,5790
553_400370_2672023_RMY.txt,1.1115331,1.955648119,9889,111
553_400381_2672001_RMY.txt,0.078281188,0.137729104,5344,4656
553_400381_2672011_ROY.txt,0.078281188,0.137729104,5344,4656
553_400381_2672017_RMY.txt,0.078281188,0.137729104,5344,4656
553_400381_2672032_RMY.txt,0.078281188,0.137729104,5344,4656
553_400381_2672039_ROY.txt,0.078281188,0.137729104,5344,4656
553_400381_2672047_ROY.txt,0.078281188,0.137729104,5344,4656
553_400381_2672048_RMY.txt,0.078281188,0.137729104,5344,4656
553_400381_2672050_ROY.txt,0.078281188,0.137729104,5344,4656
553_400387_2672019_DMN.txt,-0.98486839,-1.732792316,668,9332
553_400400_2672018_RMN.txt,0.58909287,1.03645889,7591,2409
553_400628_2672045_DON.txt,-0.19549514,-0.343957101,4140,5860
553_400628_2672046_DON.txt,-0.19549514,-0.343957101,4140,5860
553_400628_2672049_DON.txt,-0.19549514,-0.343957101,4140,5860
048_400027_0297016_RMY.txt,1.4512679,2.0483776,10000,0
048_400029_0294001_ROY.txt,0.60599373,0.855323805,7138,2862
048_400029_0294013_ROY.txt,0.60599373,0.855323805,7138,2862
048_400029_0294015_ROY.txt,0.60599373,0.855323805,7138,2862
048_400029_0294019_ROY.txt,0.60599373,0.855323805,7138,2862
048_400032_0287001_ROY.txt,1.067461,1.50665718,8767,1233
048_400032_0287003_ROY.txt,1.067461,1.50665718,8767,1233
048_400032_0287005_ROY.txt,1.067461,1.50665718,8767,1233
048_400032_0287007_ROY.txt,1.067461,1.50665718,8767,1233
048_400032_0287009_ROY.txt,1.067461,1.50665718,8767,1233
048_400036_0296017_ROY.txt,0.65289556,0.921522925,7304,2696
048_400036_0296021_ROY.txt,0.65289556,0.921522925,7304,2696
048_400036_0297006_ROY.txt,0.65289556,0.921522925,7304,2696
048_400036_0297008_ROY.txt,0.65289556,0.921522925,7304,2696
048_400036_0297013_ROY.txt,0.65289556,0.921522925,7304,2696
048_400036_0297029_ROY.txt,0.65289556,0.921522925,7304,2696
048_400036_0297046_ROY.txt,0.65289556,0.921522925,7304,2696
048_400036_0297049_ROY.txt,0.65289556,0.921522925,7304,2696
048_400036_0297073_ROY.txt,0.65289556,0.921522925,7304,2696
048_400036_0297087_ROY.txt,0.65289556,0.921522925,7304,2696
048_400070_0297019_RMY.txt,0.7935561,1.120056841,7800,2200
048_400103_0297085_DON.txt,0.17319173,0.24444974,5611,4389
048_400160_0297015_DMN.txt,-0.23685958,-0.334313091,4164,5836
048_400170_0294014_DON.txt,-0.31779519,-0.448548851,3879,6121
048_400170_0294020_DON.txt,-0.31779519,-0.448548851,3879,6121
048_400179_0296018_DON.txt,0.61382764,0.866380899,7166,2834
048_400179_0296022_DON.txt,0.61382764,0.866380899,7166,2834
048_400184_0297010_DMN.txt,-0.5513334,-0.778174027,3055,6945
048_400216_0296002_DMN.txt,-0.74261229,-1.048152709,2380,7620
048_400216_0296025_DON.txt,-0.74261229,-1.048152709,2380,7620
048_400216_0297011_DON.txt,-0.74261229,-1.048152709,2380,7620
048_400216_0297012_DON.txt,-0.74261229,-1.048152709,2380,7620
048_400216_0297081_DON.txt,-0.74261229,-1.048152709,2380,7620
048_400216_0297086_DON.txt,-0.74261229,-1.048152709,2380,7620
048_400216_0297089_DON.txt,-0.74261229,-1.048152709,2380,7620
048_400216_0297090_DON.txt,-0.74261229,-1.048152709,2380,7620
048_400220_0287002_ROY.txt,0.90575077,1.278412889,8196,1804
048_400257_0297007_DON.txt,0.1740714,0.245691341,5614,4386
048_400262_0296006_DON.txt,0.18346398,0.258948404,5647,4353
048_400263_0294011_DON.txt,-0.051035316,-0.072033288,4820,5180
048_400267_0296004_RMY.txt,0.9718862,1.371759082,8429,1571
048_400267_0297040_ROY.txt,0.9718862,1.371759082,8429,1571
048_400303_0296008_ROY.txt,0.7710268,1.088258085,7721,2279
048_400324_0296024_RMY.txt,1.1368405,1.604582183,9011,989
048_400334_0296012_RMY.txt,0.887821,1.253106094,8133,1867
048_400364_0297055_DON.txt,-0.68812737,-0.971250512,2572,7428
048_400364_0297071_DON.txt,-0.68812737,-0.971250512,2572,7428
048_400364_0297076_DON.txt,-0.68812737,-0.971250512,2572,7428
048_400364_0297080_DON.txt,-0.68812737,-0.971250512,2572,7428
048_400387_0297023_DMN.txt,-1.7126873,-2.417355404,0,10000
048_400407_0297034_DMN.txt,0.63489306,0.896113476,7240,2760
048_400416_0297041_DON.txt,0.34929669,0.493011329,6233,3767
048_400436_0296030_DMN.txt,-0.60616159,-0.855560729,2861,7139
048_400443_0297083_DON.txt,0.2580075,0.364162112,5910,4090
048_400626_0296028_ROY.txt,0.90387787,1.275769403,8189,1811
048_400626_0297030_ROY.txt,0.90387787,1.275769403,8189,1811
048_400633_0287008_ROY.txt,0.12661166,0.178704764,5447,4553
048_400643_0287004_RMY.txt,0.66569156,0.939583712,7349,2651
048_400651_0287006_ROY.txt,0.69953937,0.987357865,7468,2532
048_400658_0297021_ROY.txt,0.73202796,1.033213562,7583,2417
102_400005_0642034_ROY.txt,0.14828034,0.216199389,5540,4460
102_400007_0677067_DMN.txt,-1.9497941,-2.842887287,0,10000
102_400027_0677021_ROY.txt,0.32768109,0.477773733,6194,3806
102_400027_0677074_RMY.txt,0.32768109,0.477773733,6194,3806
102_400030_0642018_DOY.txt,-0.2725725,-0.397422936,4006,5994
102_400032_0641021_ROY.txt,1.3535278,1.973504267,9934,66
102_400034_0642014_ROY.txt,0.50136464,0.731012142,6828,3172
102_400035_0642052_RMY.txt,0.71270035,1.03914909,7598,2402
102_400043_0677006_DOY.txt,-0.026457214,-0.038575805,4904,5096
102_400048_0649001_DMN.txt,-0.59505404,-0.867615491,2831,7169
102_400060_0642050_ROY.txt,-0.082997199,-0.12101364,4697,5303
102_400060_0677064_ROY.txt,-0.082997199,-0.12101364,4697,5303
102_400061_0641007_ROY.txt,0.8536209,1.244617575,8112,1888
102_400064_0642016_DON.txt,-0.94143768,-1.372658381,1568,8432
102_400070_0677033_RMY.txt,0.33804691,0.492887563,6232,3768
102_400070_0677075_RMY.txt,0.33804691,0.492887563,6232,3768
102_400070_0677082_RMY.txt,0.33804691,0.492887563,6232,3768
102_400071_0677025_ROY.txt,1.0230102,1.491594775,8729,1271
102_400080_0677004_DON.txt,-0.89701431,-1.307887114,1730,8270
102_400080_0677014_DON.txt,-0.89701431,-1.307887114,1730,8270
102_400080_0677030_DON.txt,-0.89701431,-1.307887114,1730,8270
102_400080_0677041_DON.txt,-0.89701431,-1.307887114,1730,8270
102_400080_0677048_DON.txt,-0.89701431,-1.307887114,1730,8270
102_400080_0677052_DON.txt,-0.89701431,-1.307887114,1730,8270
102_400083_0641011_ROY.txt,0.89301328,1.302053433,8255,1745
102_400084_0642030_DOY.txt,0.76255978,1.111846376,7780,2220
102_400090_0677061_DMN.txt,-0.55697262,-0.812091072,2970,7030
102_400096_0642081_DOY.txt,0.18971417,0.276611773,5692,4308
102_400103_0677055_DON.txt,-1.0174102,-1.483429724,1291,8709
102_400111_0642028_DON.txt,-0.9701086,-1.414461869,1464,8536
102_400120_0642090_DMN.txt,-1.5751204,-2.296596221,0,10000
102_400125_0642057_DMN.txt,-1.3486793,-1.966434936,84,9916
102_400129_0677076_DMY.txt,-0.62717913,-0.914455314,2714,7286
102_400151_0641035_ROY.txt,0.30945109,0.451193575,6128,3872
102_400153_0642039_ROY.txt,0.81289948,1.185243917,7963,2037
102_400154_0677017_RMY.txt,1.1341502,1.653641882,9134,866
102_400160_0677077_DON.txt,-0.76923289,-1.12157607,2196,7804
102_400167_0642022_RMY.txt,0.65890068,0.960706757,7402,2598
102_400169_0642046_ROY.txt,0.36893457,0.537923158,6345,3655
102_400171_0641001_ROY.txt,0.85785863,1.250796376,8127,1873
102_400171_0641002_ROY.txt,0.85785863,1.250796376,8127,1873
102_400171_0641023_ROY.txt,0.85785863,1.250796376,8127,1873
102_400175_0641038_ROY.txt,0.835879,1.218749089,8047,1953
102_400176_0642006_ROY.txt,0.019547866,0.028501666,5071,4929
102_400184_0642059_DON.txt,-0.52857846,-0.770691113,3073,6927
102_400185_0642053_DMN.txt,-0.68017457,-0.991725043,2521,7479
102_400189_0642062_DON.txt,-0.42743095,-0.623213504,3442,6558
102_400189_0642067_DON.txt,-0.42743095,-0.623213504,3442,6558
102_400190_0642001_ROY.txt,0.57976864,0.845328692,7113,2887
102_400190_0642002_RMY.txt,0.57976864,0.845328692,7113,2887
102_400190_0642003_RMY.txt,0.57976864,0.845328692,7113,2887
102_400190_0642009_RMY.txt,0.57976864,0.845328692,7113,2887
102_400190_0642017_RMY.txt,0.57976864,0.845328692,7113,2887
102_400190_0642021_RMY.txt,0.57976864,0.845328692,7113,2887
102_400190_0642025_ROY.txt,0.57976864,0.845328692,7113,2887
102_400190_0642040_ROY.txt,0.57976864,0.845328692,7113,2887
102_400190_0642045_RMY.txt,0.57976864,0.845328692,7113,2887
102_400190_0642060_ROY.txt,0.57976864,0.845328692,7113,2887
102_400190_0642064_ROY.txt,0.57976864,0.845328692,7113,2887
102_400190_0642068_RMY.txt,0.57976864,0.845328692,7113,2887
102_400190_0642072_ROY.txt,0.57976864,0.845328692,7113,2887
102_400190_0642074_RMY.txt,0.57976864,0.845328692,7113,2887
102_400190_0642078_ROY.txt,0.57976864,0.845328692,7113,2887
102_400190_0642087_ROY.txt,0.57976864,0.845328692,7113,2887
102_400190_0642088_ROY.txt,0.57976864,0.845328692,7113,2887
102_400190_0642091_RMY.txt,0.57976864,0.845328692,7113,2887
102_400201_0642056_DMY.txt,0.62939778,0.917690205,7294,2706
102_400218_0642094_DMN.txt,0.24733257,0.360621985,5902,4098
102_400218_0677069_DMN.txt,0.24733257,0.360621985,5902,4098
102_400222_0677058_RMY.txt,1.0254202,1.495108663,8738,1262
102_400227_0677029_DON.txt,-0.36579485,-0.533345305,3667,6333
102_400230_0677079_DON.txt,-0.52710228,-0.768538776,3079,6921
102_400234_0642079_ROY.txt,-0.28185203,-0.410952907,3973,6027
102_400245_0677023_DON.txt,-0.083133449,-0.121212299,4697,5303
102_400262_0642012_DON.txt,-0.7886834,-1.149935786,2125,7875
102_400263_0641008_DON.txt,-0.60106574,-0.876380819,2809,7191
102_400263_0641012_DON.txt,-0.60106574,-0.876380819,2809,7191
102_400263_0641016_DON.txt,-0.60106574,-0.876380819,2809,7191
102_400263_0641019_DON.txt,-0.60106574,-0.876380819,2809,7191
102_400263_0641022_DON.txt,-0.60106574,-0.876380819,2809,7191
102_400263_0641025_DON.txt,-0.60106574,-0.876380819,2809,7191
102_400263_0641029_DON.txt,-0.60106574,-0.876380819,2809,7191
102_400263_0641036_DON.txt,-0.60106574,-0.876380819,2809,7191
102_400263_0641040_DON.txt,-0.60106574,-0.876380819,2809,7191
102_400263_0641042_DON.txt,-0.60106574,-0.876380819,2809,7191
102_400269_0677040_DON.txt,-1.0497123,-1.530527635,1174,8826
102_400283_0641033_DON.txt,-1.2624629,-1.840727556,398,9602
102_400291_0642020_DON.txt,-0.40439938,-0.589632442,3526,6474
102_400309_0677031_DON.txt,-1.3828374,-2.016238979,0,10000
102_400309_0677035_DON.txt,-1.3828374,-2.016238979,0,10000
102_400314_0642044_DON.txt,-0.25529945,-0.372238054,4069,5931
102_400315_0641024_ROY.txt,0.6817822,0.99406904,7485,2515
102_400323_0641009_DON.txt,-0.068515192,-0.099898224,4750,5250
102_400323_0641026_DON.txt,-0.068515192,-0.099898224,4750,5250
102_400323_0642063_DON.txt,-0.068515192,-0.099898224,4750,5250
102_400323_0642073_DON.txt,-0.068515192,-0.099898224,4750,5250
102_400323_0642076_DON.txt,-0.068515192,-0.099898224,4750,5250
102_400323_0642082_DON.txt,-0.068515192,-0.099898224,4750,5250
102_400323_0642083_DON.txt,-0.068515192,-0.099898224,4750,5250
102_400323_0642086_DON.txt,-0.068515192,-0.099898224,4750,5250
102_400323_0642092_DON.txt,-0.068515192,-0.099898224,4750,5250
102_400323_0642096_DON.txt,-0.068515192,-0.099898224,4750,5250
102_400328_0641018_ROY.txt,0.96854107,1.41217634,8530,1470
102_400338_0642047_ROY.txt,0.016314604,0.023787425,5059,4941
102_400348_0677080_RMY.txt,-0.754884,-1.100654744,2248,7752
102_400354_0642097_DON.txt,-0.99676533,-1.453328577,1367,8633
102_400355_0677043_DMN.txt,-0.96553681,-1.407795994,1481,8519
102_400357_0641013_ION.txt,-0.96299197,-1.404085503,1490,8510
102_400360_0677086_DON.txt,-1.0048484,-1.465114056,1337,8663
102_400360_0677091_DON.txt,-1.0048484,-1.465114056,1337,8663
102_400364_0677027_DON.txt,-0.39648569,-0.578093927,3555,6445
102_400365_0677001_ROY.txt,0.17693554,0.257979957,5645,4355
102_400365_0677002_RMY.txt,0.17693554,0.257979957,5645,4355
102_400365_0677003_RMY.txt,0.17693554,0.257979957,5645,4355
102_400365_0677013_ROY.txt,0.17693554,0.257979957,5645,4355
102_400365_0677024_ROY.txt,0.17693554,0.257979957,5645,4355
102_400365_0677038_ROY.txt,0.17693554,0.257979957,5645,4355
102_400365_0677044_ROY.txt,0.17693554,0.257979957,5645,4355
102_400365_0677047_ROY.txt,0.17693554,0.257979957,5645,4355
102_400365_0677089_ROY.txt,0.17693554,0.257979957,5645,4355
102_400365_0677090_ROY.txt,0.17693554,0.257979957,5645,4355
102_400365_0677093_ROY.txt,0.17693554,0.257979957,5645,4355
102_400369_0642010_ROY.txt,-0.089103682,-0.129917167,4675,5325
102_400370_0642051_RMY.txt,0.8264423,1.204989957,8012,1988
102_400370_0677065_RMY.txt,0.8264423,1.204989957,8012,1988
102_400371_0642042_DON.txt,-0.090352475,-0.131737963,4671,5329
102_400371_0642077_DON.txt,-0.090352475,-0.131737963,4671,5329
102_400381_0641031_ROY.txt,0.98967254,1.442986971,8607,1393
102_400381_0677072_ROY.txt,0.98967254,1.442986971,8607,1393
102_400384_0677062_DMN.txt,-0.31723899,-0.462548682,3844,6156
102_400384_0677092_DON.txt,-0.31723899,-0.462548682,3844,6156
102_400384_0677094_DON.txt,-0.31723899,-0.462548682,3844,6156
102_400387_0642004_DON.txt,-0.65802996,-0.959437208,2601,7399
102_400387_0642011_DON.txt,-0.65802996,-0.959437208,2601,7399
102_400387_0642035_DON.txt,-0.65802996,-0.959437208,2601,7399
102_400390_0677088_DON.txt,0.057652716,0.084060247,5210,4790
102_400395_0642024_DON.txt,-0.55169093,-0.804390131,2989,7011
102_400400_0677083_RMY.txt,0.018828366,0.027452602,5069,4931
102_400407_0642032_DON.txt,-0.94024829,-1.370924197,1573,8427
102_400411_0642037_ROY.txt,0.8802579,1.283455516,8209,1791
102_400424_0677012_DON.txt,-0.48922535,-0.713312512,3217,6783
102_400427_0642058_RMY.txt,0.66949459,0.976153153,7440,2560
102_400427_0677073_RMY.txt,0.66949459,0.976153153,7440,2560
102_400441_0642054_RMY.txt,0.72191133,1.052579112,7631,2369
102_400622_0642048_ROY.txt,0.71743268,1.046049039,7615,2385
102_400622_0677081_ROY.txt,0.71743268,1.046049039,7615,2385
102_400626_0642085_ROY.txt,0.88692175,1.293171709,8233,1767
102_400627_0641015_ROY.txt,0.95006107,1.38523167,8463,1537
102_400636_0642049_RMY.txt,1.2231203,1.78336428,9458,542
102_400643_0642055_ROY.txt,0.79374151,1.157310738,7893,2107
102_400651_0641028_ROY.txt,0.24739331,0.360710547,5902,4098
102_400654_0642026_ROY.txt,0.73088753,1.065666814,7664,2336
182_400171_1101043_ROY.txt,-0.99676533,-1.064669129,2338,7662
182_400367_1101001_ROY.txt,0.91694571,0.979411864,7449,2551
182_400367_1101016_ROY.txt,0.91694571,0.979411864,7449,2551
182_400367_1101019_ROY.txt,0.91694571,0.979411864,7449,2551
182_400367_1101023_ROY.txt,0.91694571,0.979411864,7449,2551
182_400367_1101027_ROY.txt,0.91694571,0.979411864,7449,2551
182_400367_1101036_ROY.txt,0.91694571,0.979411864,7449,2551
182_400378_1101042_DON.txt,-1.2069888,-1.289213895,1777,8223
204_400003_1201237_DMY.txt,0.24554379,0.746827894,6867,3133
204_400004_1201102_RMN.txt,-0.65672792,-1.997455237,6,9994
204_400005_1201055_RON.txt,0.18150906,0.552064579,6380,3620
204_400013_1201024_DMY.txt,0.61944434,1.884056248,9710,290
204_400016_1201161_RON.txt,-0.024480738,-0.074458808,4814,5186
204_400017_1184001_RON.txt,0.020247767,0.061584116,5154,4846
204_400017_1184003_RMN.txt,0.020247767,0.061584116,5154,4846
204_400017_1184005_RON.txt,0.020247767,0.061584116,5154,4846
204_400017_1184007_RMN.txt,0.020247767,0.061584116,5154,4846
204_400017_1732001_RMN.txt,0.020247767,0.061584116,5154,4846
204_400017_1732003_RON.txt,0.020247767,0.061584116,5154,4846
204_400017_1732007_RMN.txt,0.020247767,0.061584116,5154,4846
204_400018_1200001_ROY.txt,0.20019386,0.608894889,6522,3478
204_400018_1200002_ROY.txt,0.20019386,0.608894889,6522,3478
204_400018_1200003_RMY.txt,0.20019386,0.608894889,6522,3478
204_400018_1200005_ROY.txt,0.20019386,0.608894889,6522,3478
204_400018_1200044_ROY.txt,0.20019386,0.608894889,6522,3478
204_400018_1200056_ROY.txt,0.20019386,0.608894889,6522,3478
204_400018_1200063_ROY.txt,0.20019386,0.608894889,6522,3478
204_400018_1200064_RMY.txt,0.20019386,0.608894889,6522,3478
204_400018_1201001_ROY.txt,0.20019386,0.608894889,6522,3478
204_400018_1201002_ROY.txt,0.20019386,0.608894889,6522,3478
204_400018_1201003_ROY.txt,0.20019386,0.608894889,6522,3478
204_400018_1201004_ROY.txt,0.20019386,0.608894889,6522,3478
204_400018_1201006_RMY.txt,0.20019386,0.608894889,6522,3478
204_400018_1201022_ROY.txt,0.20019386,0.608894889,6522,3478
204_400018_1201075_ROY.txt,0.20019386,0.608894889,6522,3478
204_400018_1201115_ROY.txt,0.20019386,0.608894889,6522,3478
204_400018_1201131_ROY.txt,0.20019386,0.608894889,6522,3478
204_400018_1201139_ROY.txt,0.20019386,0.608894889,6522,3478
204_400018_1201212_ROY.txt,0.20019386,0.608894889,6522,3478
204_400019_1201042_ROY.txt,-0.35987049,-1.094555558,2264,7736
204_400027_1201066_RMY.txt,0.40315733,1.22621362,8066,1934
204_400032_1201081_RMN.txt,-0.049139218,-0.149458224,4626,5374
204_400033_1201175_DOY.txt,-0.2440137,-0.742174085,3145,6855
204_400034_1201068_RON.txt,-0.15596677,-0.474377032,3814,6186
204_400035_1201096_ROY.txt,-0.35134792,-1.068633937,2328,7672
204_400039_1201031_RMY.txt,0.15509101,0.471713385,6179,3821
204_400050_1200004_DOY.txt,-0.079041744,-0.240407543,4399,5601
204_400050_1200026_DOY.txt,-0.079041744,-0.240407543,4399,5601
204_400050_1200043_DOY.txt,-0.079041744,-0.240407543,4399,5601
204_400050_1200045_DOY.txt,-0.079041744,-0.240407543,4399,5601
204_400050_1200048_DOY.txt,-0.079041744,-0.240407543,4399,5601
204_400050_1200051_DOY.txt,-0.079041744,-0.240407543,4399,5601
204_400050_1200054_DOY.txt,-0.079041744,-0.240407543,4399,5601
204_400050_1200055_DOY.txt,-0.079041744,-0.240407543,4399,5601
204_400050_1200058_DOY.txt,-0.079041744,-0.240407543,4399,5601
204_400051_1201114_RMY.txt,0.61837172,1.880793846,9702,298
204_400052_1201036_RON.txt,0.033139605,0.10079498,5252,4748
204_400062_1192001_DMY.txt,-0.41153103,-1.251682449,1871,8129
204_400062_1201133_DMY.txt,-0.41153103,-1.251682449,1871,8129
204_400064_1201213_DMY.txt,0.57512388,1.749254403,9373,627
204_400067_1201231_DMY.txt,0.35700124,1.085828658,7715,2285
204_400070_1200050_RMY.txt,0.21724431,0.660754281,6652,3348
204_400070_1201013_RMY.txt,0.21724431,0.660754281,6652,3348
204_400070_1201021_ROY.txt,0.21724431,0.660754281,6652,3348
204_400070_1201039_ROY.txt,0.21724431,0.660754281,6652,3348
204_400070_1201057_ROY.txt,0.21724431,0.660754281,6652,3348
204_400070_1201074_ROY.txt,0.21724431,0.660754281,6652,3348
204_400070_1201104_ROY.txt,0.21724431,0.660754281,6652,3348
204_400070_1201130_ROY.txt,0.21724431,0.660754281,6652,3348
204_400070_1201138_ROY.txt,0.21724431,0.660754281,6652,3348
204_400070_1201206_RMY.txt,0.21724431,0.660754281,6652,3348
204_400070_1201243_ROY.txt,0.21724431,0.660754281,6652,3348
204_400071_1201195_RON.txt,0.34557091,1.051063009,7628,2372
204_400074_1200065_DMY.txt,0.87721251,2.668064915,10000,0
204_400087_1201173_DMY.txt,-0.20819123,-0.6332191,3417,6583
204_400091_1201016_ROY.txt,-0.28480842,-0.866252298,2834,7166
204_400091_1201155_ROY.txt,-0.28480842,-0.866252298,2834,7166
204_400092_1200013_DOY.txt,0.060720754,0.18468377,5462,4538
204_400098_1201029_RMY.txt,-0.089425785,-0.271990876,4320,5680
204_400101_1200062_DOY.txt,-0.41288892,-1.255812507,1860,8140
204_400101_1201078_DOY.txt,-0.41288892,-1.255812507,1860,8140
204_400101_1201108_DOY.txt,-0.41288892,-1.255812507,1860,8140
204_400101_1201166_DOY.txt,-0.41288892,-1.255812507,1860,8140
204_400101_1201190_DOY.txt,-0.41288892,-1.255812507,1860,8140
204_400101_1201209_DMY.txt,-0.41288892,-1.255812507,1860,8140
204_400103_1201239_DOY.txt,-0.068373621,-0.207960166,4480,5520
204_400104_1135002_RMN.txt,0.00492893,0.01499147,5037,4963
204_400104_1135004_RON.txt,0.00492893,0.01499147,5037,4963
204_400104_1135008_RON.txt,0.00492893,0.01499147,5037,4963
204_400104_1135010_RON.txt,0.00492893,0.01499147,5037,4963
204_400104_1135014_RON.txt,0.00492893,0.01499147,5037,4963
204_400104_1135016_RON.txt,0.00492893,0.01499147,5037,4963
204_400104_1135020_RON.txt,0.00492893,0.01499147,5037,4963
204_400104_1135024_RON.txt,0.00492893,0.01499147,5037,4963
204_400104_1135026_RON.txt,0.00492893,0.01499147,5037,4963
204_400104_1135028_RON.txt,0.00492893,0.01499147,5037,4963
204_400104_1200034_RON.txt,0.00492893,0.01499147,5037,4963
204_400104_1201080_RON.txt,0.00492893,0.01499147,5037,4963
204_400104_1201089_RON.txt,0.00492893,0.01499147,5037,4963
204_400104_1201090_RON.txt,0.00492893,0.01499147,5037,4963
204_400104_1201142_RON.txt,0.00492893,0.01499147,5037,4963
204_400104_1201184_RON.txt,0.00492893,0.01499147,5037,4963
204_400104_1201189_RON.txt,0.00492893,0.01499147,5037,4963
204_400104_1201200_RON.txt,0.00492893,0.01499147,5037,4963
204_400104_1201208_RON.txt,0.00492893,0.01499147,5037,4963
204_400115_1201086_ROY.txt,0.50404443,1.533064387,8833,1167
204_400120_1201221_DMY.txt,0.53153452,1.616676219,9042,958
204_400122_1200028_DMY.txt,-0.034893663,-0.106129994,4735,5265
204_400124_1201163_DMY.txt,0.23815282,0.724348064,6811,3189
204_400124_1201215_DMY.txt,0.23815282,0.724348064,6811,3189
204_400125_1201241_DMY.txt,0.14079024,0.428217217,6071,3929
204_400126_1201061_DMY.txt,0.40474938,1.231055882,8078,1922
204_400132_1200011_RON.txt,0.077931815,0.237031664,5593,4407
204_400132_1201107_RON.txt,0.077931815,0.237031664,5593,4407
204_400145_1201157_RON.txt,-0.5889204,-1.791216882,522,9478
204_400151_1184002_RON.txt,0.049557486,0.150730397,5377,4623
204_400151_1184006_RON.txt,0.049557486,0.150730397,5377,4623
204_400151_1200030_RMN.txt,0.049557486,0.150730397,5377,4623
204_400151_1201165_RMN.txt,0.049557486,0.150730397,5377,4623
204_400151_1732002_RON.txt,0.049557486,0.150730397,5377,4623
204_400151_1732006_RON.txt,0.049557486,0.150730397,5377,4623
204_400160_1200032_DMY.txt,-0.1192937,-0.362834925,4093,5907
204_400166_1201222_DMY.txt,-0.051587452,-0.156904592,4608,5392
204_400168_1200053_RON.txt,-0.44075407,-1.340565093,1649,8351
204_400168_1201111_RON.txt,-0.44075407,-1.340565093,1649,8351
204_400184_1194001_DMY.txt,-0.14501043,-0.441053036,3897,6103
204_400184_1201167_DMY.txt,-0.14501043,-0.441053036,3897,6103
204_400185_1201236_DMY.txt,0.27535108,0.83748755,7094,2906
204_400189_1135003_DOY.txt,0.39325659,1.196100259,7990,2010
204_400189_1135005_DOY.txt,0.39325659,1.196100259,7990,2010
204_400189_1135009_DOY.txt,0.39325659,1.196100259,7990,2010
204_400189_1135011_DOY.txt,0.39325659,1.196100259,7990,2010
204_400189_1135013_DOY.txt,0.39325659,1.196100259,7990,2010
204_400189_1135015_DOY.txt,0.39325659,1.196100259,7990,2010
204_400189_1135017_DOY.txt,0.39325659,1.196100259,7990,2010
204_400189_1135021_DOY.txt,0.39325659,1.196100259,7990,2010
204_400189_1135025_DOY.txt,0.39325659,1.196100259,7990,2010
204_400189_1135027_DOY.txt,0.39325659,1.196100259,7990,2010
204_400189_1135029_DOY.txt,0.39325659,1.196100259,7990,2010
204_400189_1201049_DOY.txt,0.39325659,1.196100259,7990,2010
204_400192_1201201_RON.txt,0.01158411,0.035233375,5088,4912
204_400193_1201149_DOY.txt,-0.48730994,-1.482165996,1295,8705
204_400195_1201240_DOY.txt,-0.30444535,-0.925978537,2685,7315
204_400199_1200017_DOY.txt,-0.1172719,-0.356685567,4108,5892
204_400199_1201205_DMY.txt,-0.1172719,-0.356685567,4108,5892
204_400205_1201177_ROY.txt,0.25867591,0.786769582,6967,3033
204_400208_1200040_DOY.txt,0.44078766,1.340667258,8352,1648
204_400211_1201038_DON.txt,0.35749813,1.087339962,7718,2282
204_400217_1200036_DMY.txt,0.12758244,0.388045346,5970,4030
204_400218_1201088_DOY.txt,0.56727021,1.72536726,9313,687
204_400218_1201233_DMY.txt,0.56727021,1.72536726,9313,687
204_400220_1201026_RON.txt,-0.47514119,-1.445154423,1387,8613
204_400222_1201121_ROY.txt,-0.39621486,-1.205097915,1987,8013
204_400226_1201199_RMY.txt,1.0259464,3.120442952,10000,0
204_400227_1201228_DMY.txt,0.14472847,0.440195447,6100,3900
204_400230_1201009_DMY.txt,0.28522072,0.867506319,7169,2831
204_400233_1201219_DMY.txt,-0.50724069,-1.542785896,1143,8857
204_400236_1201045_ROY.txt,-0.23407448,-0.711943686,3220,6780
204_400237_1201217_DMY.txt,0.60574455,1.842387976,9606,394
204_400238_1201242_DOY.txt,0.13934082,0.423808768,6060,3940
204_400245_1204001_DMY.txt,-0.36668696,-1.115288031,2212,7788
204_400246_1201079_DMY.txt,-0.17118678,-0.520669093,3698,6302
204_400251_1201109_DMY.txt,-0.017667371,-0.053735773,4866,5134
204_400253_1201126_DOY.txt,-0.20940486,-0.636910388,3408,6592
204_400262_1201147_DOY.txt,-0.12656118,-0.384939157,4038,5962
204_400263_1201226_DMY.txt,-0.11664645,-0.354783245,4113,5887
204_400269_1201216_DMY.txt,-0.23126142,-0.70338769,3242,6758
204_400283_1201229_DMY.txt,-0.62666182,-1.906008403,235,9765
204_400285_1200025_RON.txt,0.7050266,2.144356942,10000,0
204_400287_1201171_RON.txt,0.84109589,2.558215265,10000,0
204_400288_1201059_RMN.txt,-0.81757404,-2.48667294,0,10000
204_400289_1201153_DOY.txt,-0.22588421,-0.687032764,3282,6718
204_400299_1201094_DON.txt,-0.30704461,-0.933884255,2665,7335
204_400303_1184004_RON.txt,-0.49478643,-1.504905937,1238,8762
204_400311_1200067_RON.txt,-1.3522697,-4.112963849,0,10000
204_400314_1201117_DOY.txt,0.52558484,1.598580111,8996,1004
204_400315_1200042_RON.txt,-0.33180464,-1.009192537,2477,7523
204_400315_1201011_RON.txt,-0.33180464,-1.009192537,2477,7523
204_400320_1193001_RMN.txt,0.45109715,1.372023843,8430,1570
204_400320_1200047_RON.txt,0.45109715,1.372023843,8430,1570
204_400320_1201077_RMN.txt,0.45109715,1.372023843,8430,1570
204_400323_1201224_DMY.txt,0.51148486,1.555694651,8889,1111
204_400332_1201084_ROY.txt,-0.26425322,-0.803733117,2991,7009
204_400336_1201151_RON.txt,0.19559673,0.594912597,6487,3513
204_400346_1201238_DMY.txt,0.19211204,0.584313821,6461,3539
204_400356_1201230_DMY.txt,0.27552919,0.838029276,7095,2905
204_400360_1201033_DOY.txt,0.1420374,0.432010487,6080,3920
204_400370_1201137_ROY.txt,0.22810775,0.69379572,6734,3266
204_400380_1200007_RMN.txt,0.16343131,0.497080627,6243,3757
204_400380_1200023_RON.txt,0.16343131,0.497080627,6243,3757
204_400380_1200069_RON.txt,0.16343131,0.497080627,6243,3757
204_400380_1201092_RMN.txt,0.16343131,0.497080627,6243,3757
204_400383_1201018_DOY.txt,0.39917146,1.214090491,8035,1965
204_400385_1201135_RMN.txt,0.43306135,1.317167483,8293,1707
204_400387_1201100_DMY.txt,0.17872446,0.543595144,6359,3641
204_400391_1201012_DMN.txt,-0.055132515,-0.167686994,4581,5419
204_400391_1201027_DON.txt,-0.055132515,-0.167686994,4581,5419
204_400391_1201056_DON.txt,-0.055132515,-0.167686994,4581,5419
204_400391_1201064_DON.txt,-0.055132515,-0.167686994,4581,5419
204_400391_1201073_DON.txt,-0.055132515,-0.167686994,4581,5419
204_400391_1201082_DON.txt,-0.055132515,-0.167686994,4581,5419
204_400391_1201103_DON.txt,-0.055132515,-0.167686994,4581,5419
204_400391_1201112_DON.txt,-0.055132515,-0.167686994,4581,5419
204_400391_1201129_DON.txt,-0.055132515,-0.167686994,4581,5419
204_400391_1201143_DON.txt,-0.055132515,-0.167686994,4581,5419
204_400391_1201191_DON.txt,-0.055132515,-0.167686994,4581,5419
204_400391_1201207_DMN.txt,-0.055132515,-0.167686994,4581,5419
204_400393_1201218_ROY.txt,0.031575337,0.096037218,5240,4760
204_400405_1201181_RON.txt,-0.15473673,-0.470635833,3823,6177
204_400413_1201227_DMY.txt,0.49658707,1.510382631,8776,1224
204_400414_1201183_ROY.txt,-0.52830846,-1.606864072,983,9017
204_400415_1201232_DOY.txt,0.16859157,0.512775693,6282,3718
204_400425_1201159_DMY.txt,-0.050841615,-0.154636109,4613,5387
204_400427_1200015_RON.txt,0.080117317,0.243678926,5609,4391
204_400427_1200057_RON.txt,0.080117317,0.243678926,5609,4391
204_400427_1201072_RON.txt,0.080117317,0.243678926,5609,4391
204_400427_1201203_RON.txt,0.080117317,0.243678926,5609,4391
204_400428_1200060_RON.txt,-0.52911007,-1.60930219,977,9023
204_400432_1201186_RON.txt,-1.1682621,-3.553299895,0,10000
204_400436_1201234_DOY.txt,0.14471063,0.440141186,6100,3900
204_400437_1201179_DOY.txt,-0.35708111,-1.086071585,2285,7715
204_400439_1200066_RMY.txt,0.75580166,2.298790622,10000,0
204_400441_1201193_RMN.txt,-0.39944786,-1.214931169,1963,8037
204_400617_1200019_RMN.txt,0.66350819,2.018077606,10000,0
204_400617_1201054_RON.txt,0.66350819,2.018077606,10000,0
204_400617_1201128_RON.txt,0.66350819,2.018077606,10000,0
204_400620_1201220_DMY.txt,0.31741565,0.965428046,7414,2586
204_400626_1200038_RMN.txt,0.066974672,0.203705226,5509,4491
204_400626_1201020_RON.txt,0.066974672,0.203705226,5509,4491
204_400626_1201235_RON.txt,0.066974672,0.203705226,5509,4491
204_400636_1201119_RMN.txt,-0.70732471,-2.151346704,0,10000
204_400637_1201145_ROY.txt,0.24704465,0.751392799,6878,3122
204_400638_1201070_DMY.txt,0.12020531,0.365607611,5914,4086
204_400639_1201188_DOY.txt,0.38532696,1.171982081,7930,2070
204_400640_1201197_RON.txt,0.13217957,0.402027638,6005,3995
204_400641_1201214_DMY.txt,0.17536766,0.533385349,6333,3667
204_400643_1201063_RON.txt,-0.009554173,-0.029059269,4927,5073
204_400644_1201169_RMN.txt,-0.37578625,-1.14296376,2143,7857
204_400648_1201211_RMY.txt,0.17953819,0.546070126,6365,3635
204_400651_1201225_RON.txt,0.1109327,0.337404724,5844,4156
204_400663_1200009_DMY.txt,0.13583252,0.413138181,6033,3967
296_400276_1477019_ROY.txt,0.16840764,0.284485953,5711,4289
296_400289_1477002_DON.txt,0.64241377,1.085210229,7713,2287
296_400289_1477016_DON.txt,0.64241377,1.085210229,7713,2287
296_400303_1477031_ROY.txt,1.1198123,1.891665185,9729,271
296_400365_1477003_RMY.txt,0.22572271,0.381306574,5953,4047
296_400365_1477070_ROY.txt,0.22572271,0.381306574,5953,4047
296_400365_1477072_ROY.txt,0.22572271,0.381306574,5953,4047
296_400365_1477086_ROY.txt,0.22572271,0.381306574,5953,4047
296_400365_1477096_ROY.txt,0.22572271,0.381306574,5953,4047
296_400365_1477098_ROY.txt,0.22572271,0.381306574,5953,4047
296_400399_1477067_DOY.txt,-0.60724572,-1.025801902,2435,7565
296_400399_1477068_DOY.txt,-0.60724572,-1.025801902,2435,7565
296_400399_1477069_DOY.txt,-0.60724572,-1.025801902,2435,7565
296_400399_1477071_DOY.txt,-0.60724572,-1.025801902,2435,7565
296_400399_1477074_DOY.txt,-0.60724572,-1.025801902,2435,7565
296_400399_1477075_DOY.txt,-0.60724572,-1.025801902,2435,7565
296_400399_1477076_DOY.txt,-0.60724572,-1.025801902,2435,7565
296_400399_1477077_DOY.txt,-0.60724572,-1.025801902,2435,7565
296_400399_1477078_DOY.txt,-0.60724572,-1.025801902,2435,7565
296_400399_1477079_DOY.txt,-0.60724572,-1.025801902,2435,7565
296_400399_1477080_DOY.txt,-0.60724572,-1.025801902,2435,7565
296_400399_1477081_DOY.txt,-0.60724572,-1.025801902,2435,7565
296_400399_1477083_DOY.txt,-0.60724572,-1.025801902,2435,7565
296_400399_1477084_DOY.txt,-0.60724572,-1.025801902,2435,7565
296_400399_1477085_DOY.txt,-0.60724572,-1.025801902,2435,7565
296_400399_1477089_DOY.txt,-0.60724572,-1.025801902,2435,7565
296_400399_1477090_DOY.txt,-0.60724572,-1.025801902,2435,7565
296_400399_1477091_DOY.txt,-0.60724572,-1.025801902,2435,7565
296_400399_1477092_DOY.txt,-0.60724572,-1.025801902,2435,7565
296_400424_1477054_DON.txt,-1.4075761,-2.377775903,0,10000
296_400424_1477064_DON.txt,-1.4075761,-2.377775903,0,10000
296_400651_1477066_ROY.txt,0.67321918,1.13724888,7843,2157
367_400104_1710018_ROY.txt,0.92576383,1.791687727,9479,521
367_400124_1710026_DON.txt,-0.21482034,-0.415755028,3961,6039
367_400227_1710016_DMN.txt,-0.033681271,-0.065185437,4837,5163
367_400245_1710013_DON.txt,-0.2660008,-0.514807722,3713,6287
367_400254_1710028_DMY.txt,0.029801887,0.057677426,5144,4856
367_400276_1710007_ROY.txt,0.66803211,1.292883665,8232,1768
367_400278_1710009_DON.txt,-0.61490369,-1.190060963,2025,7975
367_400306_1710005_DON.txt,-0.28800028,-0.55738467,3607,6393
367_400306_1710023_DON.txt,-0.28800028,-0.55738467,3607,6393
367_400306_1710029_DON.txt,-0.28800028,-0.55738467,3607,6393
367_400379_1710020_DON.txt,-0.57541531,-1.11363667,2216,7784
367_400405_1710004_ROY.txt,0.87501235,1.693465264,9234,766
367_400405_1710011_ROY.txt,0.87501235,1.693465264,9234,766
367_400405_1710022_ROY.txt,0.87501235,1.693465264,9234,766
367_400405_1710025_ROY.txt,0.87501235,1.693465264,9234,766
367_400412_1710027_DON.txt,-0.23115399,-0.447366546,3882,6118
367_400636_1710001_ROY.txt,0.36304427,0.702621924,6757,3243
367_400636_1710002_RMY.txt,0.36304427,0.702621924,6757,3243
367_400636_1710006_ROY.txt,0.36304427,0.702621924,6757,3243
367_400636_1710014_ROY.txt,0.36304427,0.702621924,6757,3243
367_400636_1710021_ROY.txt,0.36304427,0.702621924,6757,3243
414_400008_1908050_DOY.txt,0.52155786,1.127245111,7818,2182
414_400013_1909059_DMN.txt,-0.003341234,-0.007221421,4982,5018
414_400025_1909203_DON.txt,-0.68401546,-1.478365379,1304,8696
414_400025_1909207_DON.txt,-0.68401546,-1.478365379,1304,8696
414_400025_1911021_DON.txt,-0.68401546,-1.478365379,1304,8696
414_400033_1909111_DON.txt,-0.48105274,-1.039701232,2401,7599
414_400033_3170089_DON.txt,-0.48105274,-1.039701232,2401,7599
414_400034_3170068_ROY.txt,0.49587048,1.071726873,7679,2321
414_400043_1912033_DON.txt,0.67670164,1.46255799,8656,1344
414_400043_1912034_DMN.txt,0.67670164,1.46255799,8656,1344
414_400043_1912039_DON.txt,0.67670164,1.46255799,8656,1344
414_400043_2897006_DON.txt,0.67670164,1.46255799,8656,1344
414_400043_2897008_DON.txt,0.67670164,1.46255799,8656,1344
414_400043_2897027_DON.txt,0.67670164,1.46255799,8656,1344
414_400051_1909041_ROY.txt,1.4046592,3.035895607,10000,0
414_400061_1909162_ROY.txt,0.55669483,1.203186786,8008,1992
414_400061_1909178_ROY.txt,0.55669483,1.203186786,8008,1992
414_400064_3170104_DMY.txt,0.82113846,1.774729873,9437,563
414_400068_1911060_ROY.txt,0.881883,1.906017293,9765,235
414_400069_3170088_DOY.txt,0.7548983,1.631564747,9079,921
414_400072_1909078_ROY.txt,0.68199542,1.473999458,8685,1315
414_400076_1908011_ROY.txt,0.011020988,0.023819706,5060,4940
414_400076_1909009_ROY.txt,0.011020988,0.023819706,5060,4940
414_400076_1911043_ROY.txt,0.011020988,0.023819706,5060,4940
414_400076_1911048_ROY.txt,0.011020988,0.023819706,5060,4940
414_400076_1911054_ROY.txt,0.011020988,0.023819706,5060,4940
414_400076_3170014_ROY.txt,0.011020988,0.023819706,5060,4940
414_400080_1909003_DON.txt,-0.090212517,-0.194976678,4513,5487
414_400080_1909166_DON.txt,-0.090212517,-0.194976678,4513,5487
414_400080_1909174_DON.txt,-0.090212517,-0.194976678,4513,5487
414_400080_1909199_DON.txt,-0.090212517,-0.194976678,4513,5487
414_400080_1909215_DON.txt,-0.090212517,-0.194976678,4513,5487
414_400080_3170051_DON.txt,-0.090212517,-0.194976678,4513,5487
414_400080_3170057_DON.txt,-0.090212517,-0.194976678,4513,5487
414_400080_3170065_DON.txt,-0.090212517,-0.194976678,4513,5487
414_400080_3170072_DON.txt,-0.090212517,-0.194976678,4513,5487
414_400080_3170075_DON.txt,-0.090212517,-0.194976678,4513,5487
414_400080_3170107_DON.txt,-0.090212517,-0.194976678,4513,5487
414_400080_3170109_DON.txt,-0.090212517,-0.194976678,4513,5487
414_400090_1909108_DMN.txt,-0.50698979,-1.095759083,2261,7739
414_400091_1909067_ROY.txt,0.056539435,0.122198909,5305,4695
414_400100_3170036_DON.txt,-0.1024611,-0.22144959,4446,5554
414_400101_3170102_DMN.txt,-0.15949185,-0.34471038,4138,5862
414_400102_1909154_DON.txt,0.070918652,0.153276769,5383,4617
414_400102_1909226_DON.txt,0.070918652,0.153276769,5383,4617
414_400102_1911019_DON.txt,0.070918652,0.153276769,5383,4617
414_400103_1909103_DON.txt,-0.45248001,-0.977946875,2555,7445
414_400110_1909104_DMN.txt,-0.211829,-0.457826874,3855,6145
414_400110_3170100_DMN.txt,-0.211829,-0.457826874,3855,6145
414_400111_3170024_DON.txt,-0.34364319,-0.742717416,3143,6857
414_400115_3170006_ROY.txt,-0.21088662,-0.455790104,3861,6139
414_400122_1909091_DON.txt,-0.42317248,-0.914604392,2713,7287
414_400124_3170058_DON.txt,0.3541238,0.7653692,6913,3087
414_400129_1909105_DON.txt,-0.41242526,-0.891376382,2772,7228
414_400129_3170083_DON.txt,-0.41242526,-0.891376382,2772,7228
414_400131_1909018_ROY.txt,0.11369485,0.245729139,5614,4386
414_400134_1909136_ROY.txt,-0.36330377,-0.785209907,3037,6963
414_400134_1909144_ROY.txt,-0.36330377,-0.785209907,3037,6963
414_400134_1909183_ROY.txt,-0.36330377,-0.785209907,3037,6963
414_400134_1909186_ROY.txt,-0.36330377,-0.785209907,3037,6963
414_400134_1909194_ROY.txt,-0.36330377,-0.785209907,3037,6963
414_400134_1909196_ROY.txt,-0.36330377,-0.785209907,3037,6963
414_400134_1909206_ROY.txt,-0.36330377,-0.785209907,3037,6963
414_400134_1909208_ROY.txt,-0.36330377,-0.785209907,3037,6963
414_400134_1909214_ROY.txt,-0.36330377,-0.785209907,3037,6963
414_400134_1909236_ROY.txt,-0.36330377,-0.785209907,3037,6963
414_400151_1908001_ROY.txt,0.67890625,1.467322822,8668,1332
414_400151_1908005_ROY.txt,0.67890625,1.467322822,8668,1332
414_400151_1908038_ROY.txt,0.67890625,1.467322822,8668,1332
414_400151_1908043_RMY.txt,0.67890625,1.467322822,8668,1332
414_400151_1908049_ROY.txt,0.67890625,1.467322822,8668,1332
414_400151_3170001_ROY.txt,0.67890625,1.467322822,8668,1332
414_400151_3170002_RMY.txt,0.67890625,1.467322822,8668,1332
414_400151_3170005_ROY.txt,0.67890625,1.467322822,8668,1332
414_400151_3170009_RMY.txt,0.67890625,1.467322822,8668,1332
414_400151_3170017_ROY.txt,0.67890625,1.467322822,8668,1332
414_400151_3170025_ROY.txt,0.67890625,1.467322822,8668,1332
414_400151_3170037_ROY.txt,0.67890625,1.467322822,8668,1332
414_400151_3170042_ROY.txt,0.67890625,1.467322822,8668,1332
414_400151_3170044_ROY.txt,0.67890625,1.467322822,8668,1332
414_400166_1909083_DOY.txt,0.15792215,0.341317781,5853,4147
414_400166_1909092_DOY.txt,0.15792215,0.341317781,5853,4147
414_400166_3170090_DOY.txt,0.15792215,0.341317781,5853,4147
414_400168_1911079_ROY.txt,1.0810239,2.336421325,10000,0
414_400168_3170096_RMY.txt,1.0810239,2.336421325,10000,0
414_400182_1909074_ROY.txt,1.0493563,2.267978013,10000,0
414_400182_1909089_ROY.txt,1.0493563,2.267978013,10000,0
414_400182_1909096_ROY.txt,1.0493563,2.267978013,10000,0
414_400182_3170053_ROY.txt,1.0493563,2.267978013,10000,0
414_400184_3170062_DON.txt,0.11922801,0.25768798,5644,4356
414_400185_1909102_DMN.txt,-0.79331106,-1.714586401,714,9286
414_400185_3170105_DMN.txt,-0.79331106,-1.714586401,714,9286
414_400189_2897021_DOY.txt,-0.033670099,-0.072771321,4818,5182
414_400192_3170095_RMY.txt,0.72552682,1.568084049,8920,1080
414_400196_1909155_ROY.txt,0.90021239,1.945632677,9864,136
414_400199_2897024_DON.txt,0.69637205,1.505071727,8763,1237
414_400204_3170084_DON.txt,-0.42979001,-0.928906886,2678,7322
414_400209_2897028_ROY.txt,-0.21559756,-0.465971878,3835,6165
414_400212_3170022_ROY.txt,0.18187869,0.393095148,5983,4017
414_400214_3170098_ROY.txt,0.34509587,0.745857099,6865,3135
414_400217_1909097_DMN.txt,-0.014282609,-0.030869061,4923,5077
414_400227_3170008_DON.txt,-0.81369678,-1.75864614,603,9397
414_400230_3170101_DMN.txt,-0.32109953,-0.693993712,3265,6735
414_400238_3170086_DON.txt,-0.6589566,-1.424205563,1439,8561
414_400245_1909020_DON.txt,-0.24477913,-0.529042123,3677,6323
414_400245_1909177_DON.txt,-0.24477913,-0.529042123,3677,6323
414_400245_1911075_DON.txt,-0.24477913,-0.529042123,3677,6323
414_400245_3170012_DON.txt,-0.24477913,-0.529042123,3677,6323
414_400249_3170039_DMN.txt,0.21907305,0.473483469,6184,3816
414_400253_3170085_DON.txt,-0.5526193,-1.194378327,2014,7986
414_400263_1908013_DON.txt,-0.53985018,-1.166780376,2083,7917
414_400263_3170004_DMN.txt,-0.53985018,-1.166780376,2083,7917
414_400263_3170040_DON.txt,-0.53985018,-1.166780376,2083,7917
414_400263_3170043_DON.txt,-0.53985018,-1.166780376,2083,7917
414_400263_3170045_DON.txt,-0.53985018,-1.166780376,2083,7917
414_400279_1909240_ROY.txt,0.72490961,1.56675007,8917,1083
414_400283_1909088_DON.txt,-0.6455806,-1.39529596,1512,8488
414_400289_1909012_DON.txt,0.17508398,0.378409714,5946,4054
414_400289_1909190_DON.txt,0.17508398,0.378409714,5946,4054
414_400289_2897018_DON.txt,0.17508398,0.378409714,5946,4054
414_400289_3170076_DON.txt,0.17508398,0.378409714,5946,4054
414_400303_3170034_RMY.txt,1.012139,2.187540112,10000,0
414_400305_1908040_RON.txt,0.52130119,1.126690369,7817,2183
414_400305_2897010_RMN.txt,0.52130119,1.126690369,7817,2183
414_400307_1909110_ROY.txt,0.62132404,1.342870159,8357,1643
414_400307_3170103_ROY.txt,0.62132404,1.342870159,8357,1643
414_400311_1912022_RON.txt,-0.096937098,-0.209510542,4476,5524
414_400314_3170080_DON.txt,-0.18698844,-0.404138871,3990,6010
414_400315_1909022_ROY.txt,0.54444776,1.176717145,7942,2058
414_400317_3170111_ROY.txt,0.72192121,1.560291229,8901,1099
414_400324_1909101_ROY.txt,0.44655143,0.965133411,7413,2587
414_400342_1909064_ROY.txt,0.6541903,1.41390414,8535,1465
414_400343_1909054_RON.txt,0.18587765,0.401738116,6004,3996
414_400343_1909057_RON.txt,0.18587765,0.401738116,6004,3996
414_400343_1912035_RON.txt,0.18587765,0.401738116,6004,3996
414_400343_2897009_RON.txt,0.18587765,0.401738116,6004,3996
414_400343_2897011_RON.txt,0.18587765,0.401738116,6004,3996
414_400343_2897019_RON.txt,0.18587765,0.401738116,6004,3996
414_400343_3170026_RON.txt,0.18587765,0.401738116,6004,3996
414_400349_1909084_DOY.txt,0.33910607,0.73291132,6832,3168
414_400357_3170020_ION.txt,-0.14329289,-0.309699502,4226,5774
414_400364_1909016_DON.txt,0.32511928,0.702681614,6757,3243
414_400364_1909119_DON.txt,0.32511928,0.702681614,6757,3243
414_400364_1909169_DON.txt,0.32511928,0.702681614,6757,3243
414_400364_1909176_DON.txt,0.32511928,0.702681614,6757,3243
414_400364_1911081_DON.txt,0.32511928,0.702681614,6757,3243
414_400364_1912004_DON.txt,0.32511928,0.702681614,6757,3243
414_400364_1912007_DON.txt,0.32511928,0.702681614,6757,3243
414_400364_2897004_DON.txt,0.32511928,0.702681614,6757,3243
414_400365_1909008_ROY.txt,0.19000572,0.410660131,6027,3973
414_400365_1909031_ROY.txt,0.19000572,0.410660131,6027,3973
414_400365_1909033_ROY.txt,0.19000572,0.410660131,6027,3973
414_400365_1909035_ROY.txt,0.19000572,0.410660131,6027,3973
414_400365_1909037_ROY.txt,0.19000572,0.410660131,6027,3973
414_400365_1909062_ROY.txt,0.19000572,0.410660131,6027,3973
414_400365_1909095_ROY.txt,0.19000572,0.410660131,6027,3973
414_400365_1912036_ROY.txt,0.19000572,0.410660131,6027,3973
414_400365_1912040_ROY.txt,0.19000572,0.410660131,6027,3973
414_400365_2897005_ROY.txt,0.19000572,0.410660131,6027,3973
414_400365_2897007_ROY.txt,0.19000572,0.410660131,6027,3973
414_400365_2897022_ROY.txt,0.19000572,0.410660131,6027,3973
414_400365_2897025_ROY.txt,0.19000572,0.410660131,6027,3973
414_400365_2897026_ROY.txt,0.19000572,0.410660131,6027,3973
414_400365_3170047_RMY.txt,0.19000572,0.410660131,6027,3973
414_400365_3170048_RMY.txt,0.19000572,0.410660131,6027,3973
414_400365_3170056_ROY.txt,0.19000572,0.410660131,6027,3973
414_400365_3170063_ROY.txt,0.19000572,0.410660131,6027,3973
414_400365_3170073_ROY.txt,0.19000572,0.410660131,6027,3973
414_400365_3170082_ROY.txt,0.19000572,0.410660131,6027,3973
414_400365_3170108_ROY.txt,0.19000572,0.410660131,6027,3973
414_400365_3170110_ROY.txt,0.19000572,0.410660131,6027,3973
414_400370_1909086_ROY.txt,-0.022108474,-0.047783134,4881,5119
414_400377_3170097_DOY.txt,0.53900064,1.164944262,7912,2088
414_400378_1908048_DON.txt,-1.2069888,-2.608669772,0,10000
414_400381_1909005_ROY.txt,0.39994145,0.864395073,7161,2839
414_400381_3170092_ROY.txt,0.39994145,0.864395073,7161,2839
414_400385_1912003_ROY.txt,0.55859248,1.207288185,8018,1982
414_400385_3170030_RMY.txt,0.55859248,1.207288185,8018,1982
414_400385_3170074_ROY.txt,0.55859248,1.207288185,8018,1982
414_400387_3170087_DMN.txt,-0.19643346,-0.424552431,3939,6061
414_400402_3170066_DON.txt,-0.11749225,-0.253936475,4365,5635
414_400405_1909082_ROY.txt,-0.14488756,-0.313146069,4217,5783
414_400413_3170032_DON.txt,-0.4906798,-1.060508235,2349,7651
414_400415_1909114_DON.txt,0.58948115,1.274047992,8185,1815
414_400421_3170018_ROY.txt,-0.11749705,-0.253946849,4365,5635
414_400424_1909051_DON.txt,0.35600615,0.769437531,6924,3076
414_400434_1909071_ROY.txt,0.34427173,0.744075882,6860,3140
414_400436_3170016_DON.txt,0.17958097,0.388129076,5970,4030
414_400441_1909107_ROY.txt,1.0099782,2.182869966,10000,0
414_400617_1909241_ROY.txt,0.49918408,1.07888857,7697,2303
414_400617_1911026_ROY.txt,0.49918408,1.07888857,7697,2303
414_400617_3170064_ROY.txt,0.49918408,1.07888857,7697,2303
414_400622_2897016_RON.txt,0.67630377,1.461698072,8654,1346
414_400637_1909030_ROY.txt,0.5374241,1.16153688,7904,2096
414_400637_1909032_ROY.txt,0.5374241,1.16153688,7904,2096
414_400637_1909034_ROY.txt,0.5374241,1.16153688,7904,2096
414_400637_1909036_ROY.txt,0.5374241,1.16153688,7904,2096
414_400651_1909043_ROY.txt,1.0749753,2.323348461,10000,0
414_400654_1909049_ROY.txt,0.60459838,1.306720923,8267,1733
414_400663_1908017_DON.txt,0.27629484,0.597157155,6493,3507
472_400061_2238006_ROY.txt,1.2417394,1.487472805,8719,1281
472_400077_2238010_ROY.txt,0.10812313,0.129520103,5324,4676
472_400077_2238013_ROY.txt,0.10812313,0.129520103,5324,4676
472_400077_2238014_ROY.txt,0.10812313,0.129520103,5324,4676
472_400077_2238018_ROY.txt,0.10812313,0.129520103,5324,4676
472_400115_2238001_ROY.txt,0.76892112,0.921086385,7303,2697
472_400115_2238002_ROY.txt,0.76892112,0.921086385,7303,2697
472_400115_2238003_ROY.txt,0.76892112,0.921086385,7303,2697
472_400115_2238005_ROY.txt,0.76892112,0.921086385,7303,2697
472_400115_2238009_ROY.txt,0.76892112,0.921086385,7303,2697
472_400115_2238021_ROY.txt,0.76892112,0.921086385,7303,2697
472_400115_2238024_ROY.txt,0.76892112,0.921086385,7303,2697
472_400115_2238031_ROY.txt,0.76892112,0.921086385,7303,2697
472_400151_2238028_ROY.txt,0.20394161,0.244300534,5611,4389
472_400170_2238012_DON.txt,-1.3013238,-1.55884863,1103,8897
472_400170_2238017_DON.txt,-1.3013238,-1.55884863,1103,8897
472_400263_2238008_DON.txt,-0.99336799,-1.189950057,2025,7975
472_400278_2238030_DON.txt,-1.5695741,-1.880184191,300,9700
472_400314_2238033_DON.txt,-0.010288373,-0.012324385,4969,5031
472_400378_2238004_DON.txt,-0.94291508,-1.129512794,2176,7824
472_400378_2238011_DON.txt,-0.94291508,-1.129512794,2176,7824
472_400378_2238037_DON.txt,-0.94291508,-1.129512794,2176,7824
472_400378_2238039_DON.txt,-0.94291508,-1.129512794,2176,7824
472_400637_2238038_ROY.txt,-0.007689266,-0.009210929,4977,5023
472_400663_2238020_DON.txt,-0.12439622,-0.149013548,4627,5373
506_400004_2390015_ROY.txt,0.17179984,0.290961643,5727,4273
506_400009_2389019_DMY.txt,0.62910931,1.065464777,7664,2336
506_400029_2385007_ROY.txt,-0.17288185,-0.292794144,4268,5732
506_400029_2390090_ROY.txt,-0.17288185,-0.292794144,4268,5732
506_400031_2390026_DON.txt,-1.5027482,-2.545066891,0,10000
506_400033_2385017_DON.txt,-0.50814508,-0.860598748,2849,7151
506_400035_2390054_RMN.txt,0.13092474,0.221735232,5554,4446
506_400035_2390060_RMN.txt,0.13092474,0.221735232,5554,4446
506_400035_2390078_RON.txt,0.13092474,0.221735232,5554,4446
506_400035_2390115_RON.txt,0.13092474,0.221735232,5554,4446
506_400046_2389043_ROY.txt,1.3282964,2.249613867,10000,0
506_400057_2390106_ROY.txt,0.58036011,0.982902725,7457,2543
506_400065_2385025_DOY.txt,0.040219967,0.068116872,5170,4830
506_400065_2389001_DMY.txt,0.040219967,0.068116872,5170,4830
506_400065_2389039_DOY.txt,0.040219967,0.068116872,5170,4830
506_400065_2389044_DOY.txt,0.040219967,0.068116872,5170,4830
506_400065_2390012_DOY.txt,0.040219967,0.068116872,5170,4830
506_400065_2390058_DMY.txt,0.040219967,0.068116872,5170,4830
506_400088_2390002_ROY.txt,0.010026565,0.016981074,5042,4958
506_400088_2390004_ROY.txt,0.010026565,0.016981074,5042,4958
506_400088_2390008_ROY.txt,0.010026565,0.016981074,5042,4958
506_400100_2390075_DON.txt,-1.0793465,-1.827990239,430,9570
506_400103_2390025_DON.txt,-0.73949373,-1.252412752,1869,8131
506_400109_2390039_DON.txt,-0.76606379,-1.297412027,1756,8244
506_400109_2390046_DON.txt,-0.76606379,-1.297412027,1756,8244
506_400115_2385027_ROY.txt,0.98184067,1.662853551,9157,843
506_400116_2389017_RMY.txt,1.3410352,2.271188405,10000,0
506_400122_2390017_DON.txt,-0.32355492,-0.547975312,3630,6370
506_400125_2390022_DMN.txt,-0.31537825,-0.534127236,3665,6335
506_400129_2389041_DON.txt,-0.49127052,-0.832019852,2920,7080
506_400129_2390043_DON.txt,-0.49127052,-0.832019852,2920,7080
506_400134_2389029_ROY.txt,0.66168945,1.120642774,7802,2198
506_400144_2390092_ROY.txt,-0.87647503,-1.484405424,1289,8711
506_400149_2385015_RON.txt,0.67527087,1.14364438,7859,2141
506_400149_2389053_RON.txt,0.67527087,1.14364438,7859,2141
506_400149_2390067_RON.txt,0.67527087,1.14364438,7859,2141
506_400154_2389005_RMY.txt,0.59074226,1.000486021,7501,2499
506_400158_2390011_ROY.txt,0.65738213,1.113347861,7783,2217
506_400162_2388017_DMN.txt,-1.0383557,-1.758567878,604,9396
506_400171_2385001_ROY.txt,0.90834027,1.538372661,8846,1154
506_400171_2385002_ROY.txt,0.90834027,1.538372661,8846,1154
506_400171_2385035_ROY.txt,0.90834027,1.538372661,8846,1154
506_400174_2390021_RMY.txt,0.18552443,0.314205723,5786,4214
506_400176_2385019_ROY.txt,0.61727049,1.045414452,7614,2386
506_400176_2388007_ROY.txt,0.61727049,1.045414452,7614,2386
506_400176_2388009_ROY.txt,0.61727049,1.045414452,7614,2386
506_400176_2388011_ROY.txt,0.61727049,1.045414452,7614,2386
506_400176_2388013_ROY.txt,0.61727049,1.045414452,7614,2386
506_400176_2388015_ROY.txt,0.61727049,1.045414452,7614,2386
506_400184_2390027_DON.txt,-0.18413505,-0.311852657,4220,5780
506_400189_2390080_DON.txt,-0.29350026,-0.497074489,3757,6243
506_400193_2385021_DON.txt,-0.31505587,-0.53358125,3666,6334
506_400193_2390110_DON.txt,-0.31505587,-0.53358125,3666,6334
506_400204_2390020_DMN.txt,-0.001067349,-0.001807671,4995,5005
506_400218_2389049_DON.txt,0.23683737,0.401109746,6003,3997
506_400218_2390118_DMN.txt,0.23683737,0.401109746,6003,3997
506_400222_2390102_RON.txt,-0.79351638,-1.343905962,1640,8360
506_400227_2389027_DON.txt,-1.1185015,-1.894303473,264,9736
506_400263_2385008_DON.txt,0.36590309,0.619696526,6549,3451
506_400263_2385034_DON.txt,0.36590309,0.619696526,6549,3451
506_400263_2385036_DON.txt,0.36590309,0.619696526,6549,3451
506_400278_2390056_DON.txt,-0.19309997,-0.32703572,4182,5818
506_400278_2390120_DON.txt,-0.19309997,-0.32703572,4182,5818
506_400283_2389055_DON.txt,-0.70039342,-1.18619214,2035,7965
506_400303_2389051_RMY.txt,1.4092176,2.386662686,10000,0
506_400313_2389023_ROY.txt,1.0044696,1.701178096,9253,747
506_400314_2390094_DON.txt,-0.41884457,-0.709358659,3227,6773
506_400322_2385031_ROY.txt,-0.15532386,-0.263057785,4342,5658
506_400322_2388001_ROY.txt,-0.15532386,-0.263057785,4342,5658
506_400322_2388008_ROY.txt,-0.15532386,-0.263057785,4342,5658
506_400322_2388010_ROY.txt,-0.15532386,-0.263057785,4342,5658
506_400322_2388012_ROY.txt,-0.15532386,-0.263057785,4342,5658
506_400322_2388014_ROY.txt,-0.15532386,-0.263057785,4342,5658
506_400322_2388018_ROY.txt,-0.15532386,-0.263057785,4342,5658
506_400322_2389010_ROY.txt,-0.15532386,-0.263057785,4342,5658
506_400322_2389034_ROY.txt,-0.15532386,-0.263057785,4342,5658
506_400322_2389038_ROY.txt,-0.15532386,-0.263057785,4342,5658
506_400322_2389047_ROY.txt,-0.15532386,-0.263057785,4342,5658
506_400322_2390003_ROY.txt,-0.15532386,-0.263057785,4342,5658
506_400322_2390007_ROY.txt,-0.15532386,-0.263057785,4342,5658
506_400322_2390036_ROY.txt,-0.15532386,-0.263057785,4342,5658
506_400322_2390040_ROY.txt,-0.15532386,-0.263057785,4342,5658
506_400322_2390044_ROY.txt,-0.15532386,-0.263057785,4342,5658
506_400322_2390047_ROY.txt,-0.15532386,-0.263057785,4342,5658
506_400322_2390048_ROY.txt,-0.15532386,-0.263057785,4342,5658
506_400322_2390051_ROY.txt,-0.15532386,-0.263057785,4342,5658
506_400322_2390061_ROY.txt,-0.15532386,-0.263057785,4342,5658
506_400322_2390116_ROY.txt,-0.15532386,-0.263057785,4342,5658
506_400322_2390121_ROY.txt,-0.15532386,-0.263057785,4342,5658
506_400331_2388005_DON.txt,0.10704517,0.181292593,5453,4547
506_400331_2388016_DON.txt,0.10704517,0.181292593,5453,4547
506_400331_2389020_DON.txt,0.10704517,0.181292593,5453,4547
506_400331_2390049_DON.txt,0.10704517,0.181292593,5453,4547
506_400331_2390050_DON.txt,0.10704517,0.181292593,5453,4547
506_400331_2390052_DON.txt,0.10704517,0.181292593,5453,4547
506_400335_2388004_ROY.txt,0.077098297,0.130574319,5326,4674
506_400381_2390029_RMY.txt,-0.01083639,-0.018352601,4954,5046
506_400387_2390023_DMN.txt,-1.4773479,-2.502048731,0,10000
506_400396_2390069_DMN.txt,-0.060348448,-0.102206635,4744,5256
506_400419_2390014_ROY.txt,-0.16942699,-0.286942964,4283,5717
506_400419_2390112_ROY.txt,-0.16942699,-0.286942964,4283,5717
506_400423_2389003_DMN.txt,-0.11489425,-0.194585861,4514,5486
506_400436_2385013_DON.txt,-2.0153577,-3.413226617,0,10000
506_400443_2389031_DOY.txt,-0.25229138,-0.427282786,3932,6068
506_400443_2389035_DOY.txt,-0.25229138,-0.427282786,3932,6068
506_400618_2389011_DOY.txt,1.3606479,2.304404637,10000,0
506_400645_2389025_DOY.txt,0.94090503,1.59352461,8984,1016
599_400100_2990012_DON.txt,-1.4240106,-1.927362736,182,9818
599_400100_2990016_DON.txt,-1.4240106,-1.927362736,182,9818
599_400100_2990018_DON.txt,-1.4240106,-1.927362736,182,9818
599_400170_2990004_DON.txt,-0.079769596,-0.107966153,4730,5270
599_400170_2990006_DON.txt,-0.079769596,-0.107966153,4730,5270
599_400170_2990026_DON.txt,-0.079769596,-0.107966153,4730,5270
599_400170_2990028_DON.txt,-0.079769596,-0.107966153,4730,5270
599_400239_2993001_RMY.txt,0.90365954,1.223080589,8058,1942
599_400239_2993002_ROY.txt,0.90365954,1.223080589,8058,1942
599_400239_2993005_ROY.txt,0.90365954,1.223080589,8058,1942
599_400300_2993003_DOY.txt,-0.18220675,-0.24661228,4383,5617
599_400328_2990001_ROY.txt,0.58220504,0.787999962,6970,3030
599_400328_2990002_ROY.txt,0.58220504,0.787999962,6970,3030
599_400328_2990003_RMY.txt,0.58220504,0.787999962,6970,3030
599_400328_2990009_ROY.txt,0.58220504,0.787999962,6970,3030
599_400328_2990015_ROY.txt,0.58220504,0.787999962,6970,3030
599_400328_2990019_ROY.txt,0.58220504,0.787999962,6970,3030
599_400328_2990021_ROY.txt,0.58220504,0.787999962,6970,3030
599_400328_2990023_ROY.txt,0.58220504,0.787999962,6970,3030
599_400328_2990027_ROY.txt,0.58220504,0.787999962,6970,3030
599_400328_2990029_ROY.txt,0.58220504,0.787999962,6970,3030
599_400328_2990030_ROY.txt,0.58220504,0.787999962,6970,3030
