052_400011_0327014_DON.txt,-0.38605469,-1.795254307,512,9488
052_400011_0327044_DON.txt,0.072527983,0.093940142,5235,4765
052_400011_0327046_DON.txt,-0.76067702,-0.985248783,2537,7463
052_400011_1479040_DON.txt,-0.011741685,-0.015208138,4962,5038
052_400011_1479044_DON.txt,-0.27982776,-0.362440238,4094,5906
052_400011_1479046_DON.txt,-0.89139072,-1.154552588,2114,7886
052_400011_1479048_DON.txt,-0.54428063,-0.704966516,3238,6762
052_400011_1479050_DON.txt,0.089150803,0.115470453,5289,4711
052_400011_1479065_DON.txt,-0.021165096,-0.027413586,4931,5069
052_400011_1479069_DON.txt,-0.99965824,-1.294783513,1763,8237
052_400033_1479034_DOY.txt,0.50785672,0.657789314,6644,3356
052_400077_0327001_ROY.txt,0.94039913,1.218029563,8045,1955
052_400077_0327002_ROY.txt,1.3222978,1.712674715,9282,718
052_400077_0327003_ROY.txt,0.21732826,0.28148925,5704,4296
052_400077_0327005_ROY.txt,1.0094215,1.307429143,8269,1731
052_400080_0327047_DON.txt,-0.77478774,-1.003525357,2491,7509
052_400080_0327050_DON.txt,0.74960129,0.970903208,7427,2573
052_400080_0327055_DON.txt,-1.069718,-1.385526748,1536,8464
052_400095_1479079_ROY.txt,-0.8513495,-1.102690152,2243,7757
052_400095_1479086_ROY.txt,-0.99965824,-1.294783513,1763,8237
052_400115_1479063_ROY.txt,0.90291854,1.169483722,7924,2076
052_400174_1479117_ROY.txt,-0.99965824,-1.294783513,1763,8237
052_400199_0327040_DON.txt,0.29652901,0.384072134,5960,4040
052_400199_0327043_DON.txt,-0.99965824,-1.294783513,1763,8237
052_400199_1479059_DMN.txt,-0.46035705,-0.596266499,3509,6491
052_400228_1479004_ROY.txt,0.60324703,0.78134134,6953,3047
052_400228_1479039_ROY.txt,-0.2391225,-0.30971772,4226,5774
052_400228_1479043_ROY.txt,-0.099325049,-0.128648403,4678,5322
052_400228_1479047_ROY.txt,1.3992513,1.812346902,9531,469
052_400239_1479007_ROY.txt,1.2740843,1.650227328,9126,874
052_400239_1479009_ROY.txt,1.009724,1.307820949,8270,1730
052_400239_1479017_ROY.txt,0.19378892,0.251000481,5628,4372
052_400239_1479019_ROY.txt,1.3164074,1.705045315,9263,737
052_400239_1479054_ROY.txt,1.1947273,1.547442065,8869,1131
052_400239_1479078_ROY.txt,0.82364565,1.066807401,7667,2333
052_400239_1479081_ROY.txt,0.84843094,1.098909957,7747,2253
052_400239_1479093_ROY.txt,0.78434877,1.015909053,7540,2460
052_400239_1479095_ROY.txt,0.35068745,0.454219563,6136,3864
052_400239_1479100_ROY.txt,1.0633227,1.377243388,8443,1557
052_400239_1479121_ROY.txt,0.74464909,0.964488989,7411,2589
052_400276_0327013_ROY.txt,0.53839757,0.697346622,6743,3257
052_400276_0327015_ROY.txt,0.17070812,0.221105624,5553,4447
052_400276_0327017_ROY.txt,0.68882244,0.892180851,7230,2770
052_400276_0327019_ROY.txt,-0.099054588,-0.128298095,4679,5321
052_400276_0327051_ROY.txt,0.99992827,1.295133263,8238,1762
052_400283_1479006_DON.txt,-0.12526353,-0.162244602,4594,5406
052_400283_1479008_DON.txt,-0.66886703,-0.866334081,2834,7166
052_400283_1479010_DON.txt,0.55996443,0.725280584,6813,3187
052_400283_1479074_DON.txt,0.29556429,0.382822603,5957,4043
052_400283_1479076_DON.txt,0.58352486,0.755796669,6889,3111
052_400283_1479084_DON.txt,0.048461302,0.062768347,5157,4843
052_400298_1479060_RMY.txt,1.8097195,2.343996056,10000,0
052_400311_0327020_ROY.txt,-0.085573327,-0.110836813,4723,5277
052_400317_1479012_ROY.txt,0.46737846,0.605360813,6513,3487
052_400343_0327023_RON.txt,0.29565531,0.382940495,5957,4043
052_400626_1479018_ROY.txt,1.1644201,1.508187386,8770,1230
199_400008_1134011_DOY.txt,-0.094725879,-0.139721537,4651,5349
199_400029_1129001_ROY.txt,0.99071726,1.461317009,8653,1347
199_400029_1129013_ROY.txt,-0.99974745,-1.474636622,1313,8687
199_400056_2013027_ROY.txt,-0.2185485,-0.322361034,4194,5806
199_400077_1134002_ROY.txt,0.87813287,1.295254005,8238,1762
199_400077_1134004_ROY.txt,0.97295921,1.435123723,8588,1412
199_400098_1134006_RMY.txt,0.74005185,1.091583239,7729,2271
199_400109_2013006_DOY.txt,0.55859528,0.823933141,7060,2940
199_400109_2013024_DOY.txt,0.21305872,0.314263558,5786,4214
199_400109_2013026_DOY.txt,0.037131442,0.054769216,5137,4863
199_400109_2013028_DOY.txt,0.48581637,0.716583584,6791,3209
199_400133_2013013_DOY.txt,0.29513979,0.435333886,6088,3912
199_400170_1129008_DON.txt,1.0928594,1.611977599,9030,970
199_400170_1129011_DON.txt,-0.22059357,-0.325377531,4187,5813
199_400179_1134107_DOY.txt,0.33086193,0.488024369,6220,3780
199_400263_1129006_DON.txt,-0.40248921,-0.593675262,3516,6484
199_400279_1134059_ROY.txt,0.26225278,0.386825246,5967,4033
199_400283_1134106_DOY.txt,0.36718022,0.541594179,6354,3646
199_400293_1129014_RMY.txt,0.20382478,0.300643413,5752,4248
199_400300_1132004_DON.txt,-0.32176041,-0.474599544,3814,6186
199_400300_1134109_DON.txt,-0.023738043,-0.03501383,4912,5088
199_400300_1134110_DON.txt,-0.11988184,-0.176826809,4558,5442
199_400300_1134112_DON.txt,-1.069718,-1.577843822,1055,8945
199_400300_2013002_DON.txt,-0.47924283,-0.706887552,3233,6767
199_400300_2013003_DON.txt,-0.37797359,-0.557514498,3606,6394
199_400300_2013011_DON.txt,-0.63443091,-0.935791388,2661,7339
199_400300_2013035_DON.txt,-1.0000663,-1.475106929,1312,8688
199_400331_1134016_DON.txt,1.0633227,1.568410696,8921,1079
199_400331_1134033_DON.txt,-1.000455,-1.475680265,1311,8689
199_400351_1129016_ROY.txt,1.1785559,1.738380719,9346,654
199_400384_1134091_DON.txt,-0.41745082,-0.615743773,3461,6539
199_400398_1132003_ROY.txt,0.11089494,0.16357105,5409,4591
199_400398_1134001_ROY.txt,1.1761205,1.734788482,9337,663
199_400398_1134003_ROY.txt,-0.25192285,-0.371588505,4071,5929
199_400398_1134047_ROY.txt,0.55810044,0.823203247,7058,2942
199_400398_1134072_ROY.txt,-0.11650153,-0.171840821,4570,5430
199_400398_1134074_ROY.txt,1.3965774,2.059964423,10000,0
199_400398_1134081_ROY.txt,-0.18785316,-0.277085127,4307,5693
199_400398_1134111_ROY.txt,-0.64360914,-0.949329361,2627,7373
199_400398_2013007_ROY.txt,0.99995126,1.474937243,8687,1313
199_400398_2013010_ROY.txt,0.90094893,1.328907902,8322,1678
199_400420_2013015_ROY.txt,0.99375134,1.465792305,8664,1336
199_400421_2013019_ROY.txt,-0.71955378,-1.061348399,2347,7653
199_400628_1134105_DOY.txt,-0.29545478,-0.4357985,3911,6089
199_400636_1129015_ROY.txt,0.3299997,0.486752572,6217,3783
421_400009_2010047_DMN.txt,-0.19229267,-0.272088818,4320,5680
421_400016_2010032_RMY.txt,0.660417,0.934471818,7336,2664
421_400050_2053027_DON.txt,-0.33658837,-0.476263249,3809,6191
421_400064_2053024_DON.txt,-0.22301047,-0.315553657,4211,5789
421_400072_2010021_ROY.txt,1.3679398,1.935597043,9839,161
421_400123_2010005_ROY.txt,0.10835281,0.153316234,5383,4617
421_400123_2010016_ROY.txt,0.34439109,0.487303882,6218,3782
421_400123_2010035_ROY.txt,0.34435066,0.487246675,6218,3782
421_400123_2010040_ROY.txt,-0.52933974,-0.749001115,3127,6873
421_400123_2053015_ROY.txt,-0.12251271,-0.173352102,4567,5433
421_400160_2010043_DMN.txt,-0.30066447,-0.425431922,3936,6064
421_400168_2010028_ROY.txt,1.0491044,1.484453756,8711,1289
421_400173_2010013_ROY.txt,0.69456373,0.982788498,7457,2543
421_400176_2010041_ROY.txt,0.12383373,0.175221308,5438,4562
421_400205_2010017_RMY.txt,1.3810836,1.954195157,9885,115
421_400227_2010019_DON.txt,-0.45274166,-0.640616947,3398,6602
421_400238_1983003_DON.txt,0.88461085,1.251699925,8129,1871
421_400238_1983005_DON.txt,-0.66580816,-0.942100161,2645,7355
421_400263_2053016_DON.txt,0.11719348,0.165825538,5415,4585
421_400263_2053037_DON.txt,-1.0000663,-1.415066199,1462,8538
421_400274_1983004_DMN.txt,-0.011310609,-0.016004199,4960,5040
421_400285_2010034_ROY.txt,0.69809827,0.987789775,7469,2531
421_400291_2010023_DON.txt,-0.95193417,-1.346960564,1633,8367
421_400309_2053012_DON.txt,-1.1165804,-1.579930433,1050,8950
421_400309_2053017_DON.txt,0.93941895,1.329251873,8323,1677
421_400311_2010048_RON.txt,-0.3819166,-0.540401443,3649,6351
421_400323_1983002_DON.txt,-0.21338801,-0.301938142,4245,5755
421_400328_2053001_ROY.txt,0.97299394,1.376759557,8442,1558
421_400328_2053002_ROY.txt,1.0472649,1.481850914,8705,1295
421_400328_2053005_ROY.txt,0.39423432,0.557830676,6395,3605
421_400328_2053009_ROY.txt,1.0347353,1.464121876,8660,1340
421_400328_2053013_ROY.txt,0.65905407,0.93254331,7331,2669
421_400328_2053014_ROY.txt,0.3178655,0.449770905,6124,3876
421_400328_2053020_ROY.txt,0.48905489,0.691999165,6730,3270
421_400328_2053030_ROY.txt,0.99995126,1.41490342,8537,1463
421_400328_2053033_ROY.txt,0.62235781,0.880619115,7202,2798
421_400333_2010003_DON.txt,0.47052678,0.665782401,6664,3336
421_400333_2010018_DON.txt,0.49296393,0.697530348,6744,3256
421_400333_2010026_DON.txt,1.4630552,2.070182707,10000,0
421_400333_2010036_DON.txt,0.37069663,0.524525495,6311,3689
421_400333_2010050_DON.txt,-0.55667778,-0.787683687,3031,6969
421_400338_2010025_ROY.txt,0.98753191,1.397330383,8493,1507
421_400342_2010030_ROY.txt,0.42989679,0.608292087,6521,3479
421_400342_2053006_ROY.txt,0.47247647,0.668541158,6671,3329
421_400352_2010015_DON.txt,-0.44715234,-0.632708213,3418,6582
421_400369_2010009_ROY.txt,0.62428263,0.883342682,7208,2792
421_400369_2053025_ROY.txt,-0.4069075,-0.575762876,3561,6439
421_400385_2010038_RMY.txt,0.38679151,0.547299306,6368,3632
421_400385_2053010_ROY.txt,0.23282574,0.329441993,5824,4176
421_400386_2010042_DON.txt,0.1005971,0.142342119,5356,4644
421_400387_2010045_DMN.txt,-1.8892735,-2.673269832,0,10000
421_400401_2010001_ROY.txt,0.65703807,0.929690726,7324,2676
421_400401_2010002_ROY.txt,0.11181305,0.158212378,5396,4604
421_400401_2010004_ROY.txt,0.07247822,0.10255468,5256,4744
421_400412_2010046_DMN.txt,-1.2421785,-1.757648276,606,9394
493_400029_2345001_ROY.txt,0.99362749,1.423458758,8559,1441
493_400029_2345015_ROY.txt,0.99995126,1.432518114,8581,1419
493_400036_2346007_ROY.txt,1.0380351,1.487076564,8718,1282
493_400036_2346009_ROY.txt,1.0633227,1.523303275,8808,1192
493_400036_2346028_ROY.txt,-0.62906782,-0.901194972,2747,7253
493_400036_2346036_ROY.txt,1.0633227,1.523303275,8808,1192
493_400036_2346051_ROY.txt,1.0633227,1.523303275,8808,1192
493_400036_2346082_ROY.txt,1.0633227,1.523303275,8808,1192
493_400036_2347010_ROY.txt,-0.097799209,-0.140105967,4650,5350
493_400036_2347042_ROY.txt,-0.59491664,-0.852270403,2869,7131
493_400036_2347047_ROY.txt,-1.0062893,-1.441597914,1396,8604
493_400091_2346044_ROY.txt,-0.81007073,-1.160497557,2099,7901
493_400118_2345040_DOY.txt,-0.38575608,-0.552629507,3618,6382
493_400120_2347041_DON.txt,0.71530822,1.024741928,7562,2438
493_400120_2347044_DON.txt,0.30184273,0.432416254,6081,3919
493_400133_2346116_DON.txt,1.8512505,2.652079138,10000,0
493_400140_2243020_DON.txt,0.61126077,0.875684806,7189,2811
493_400140_2347025_DON.txt,-0.63715409,-0.912779264,2718,7282
493_400168_2345041_ROY.txt,-0.16846104,-0.241335254,4397,5603
493_400170_2345006_DON.txt,0.52429921,0.751104724,6878,3122
493_400170_2345030_DON.txt,0.99995126,1.432518114,8581,1419
493_400170_2345033_DON.txt,0.99995126,1.432518114,8581,1419
493_400170_2345042_DON.txt,0.39864865,0.571099248,6428,3572
493_400170_2345044_DON.txt,-0.99974745,-1.432226139,1419,8581
493_400189_2243003_DON.txt,0.054478281,0.078044928,5195,4805
493_400189_2243007_DON.txt,-1.0879784,-1.558624733,1103,8897
493_400189_2243009_DON.txt,0.24962432,0.35760879,5894,4106
493_400189_2243011_DON.txt,0.28556805,0.409101344,6023,3977
493_400189_2243013_DON.txt,-0.076881737,-0.110139849,4725,5275
493_400189_2243015_DON.txt,0.32527819,0.465989612,6165,3835
493_400189_2243017_DON.txt,-0.88855391,-1.272931614,1818,8182
493_400189_2243030_DON.txt,-0.61537051,-0.88157237,2796,7204
493_400189_2243036_DON.txt,-0.35877229,-0.513972855,3715,6285
493_400189_2243038_DON.txt,-0.55193008,-0.790688376,3023,6977
493_400189_2243040_DON.txt,-0.65391879,-0.936796171,2658,7342
493_400189_2243042_DON.txt,-0.2460226,-0.352449009,4119,5881
493_400189_2243044_DON.txt,0.023337922,0.033433626,5084,4916
493_400189_2243046_DON.txt,0.28388252,0.406686674,6017,3983
493_400212_2345009_ROY.txt,0.018358277,0.026299846,5066,4934
493_400267_2346067_RMY.txt,0.48570046,0.695808621,6740,3260
493_400272_2346019_DON.txt,-0.4987425,-0.71449249,3214,6786
493_400303_2345032_ROY.txt,0.054465531,0.078026663,5195,4805
493_400303_2347048_ROY.txt,0.35663776,0.510914953,6277,3723
493_400328_2346004_ROY.txt,0.65236244,0.934566563,7336,2664
493_400328_2346008_ROY.txt,0.10098325,0.144667386,5362,4638
493_400334_2346089_RMY.txt,0.41353741,0.592428706,6481,3519
493_400349_2346061_DON.txt,0.86989654,1.246203291,8116,1884
493_400364_2347033_DON.txt,-0.11052722,-0.158339962,4604,5396
493_400385_2346077_ROY.txt,-0.37109602,-0.531627682,3671,6329
493_400385_2346083_ROY.txt,0.093271112,0.13361907,5334,4666
493_400385_2346086_ROY.txt,-0.99965824,-1.432098337,1420,8580
493_400388_2346097_ROY.txt,-0.99965824,-1.432098337,1420,8580
493_400400_2346040_ROY.txt,-0.14698341,-0.21056666,4474,5526
493_400422_2243026_DON.txt,0.26875313,0.385012493,5963,4037
493_400436_2346018_DON.txt,-0.049440464,-0.070827812,4823,5177
493_400436_2346029_DON.txt,0.38360244,0.549544229,6374,3626
493_400436_2346041_DON.txt,-0.14934223,-0.213945877,4465,5535
493_400436_2347012_DON.txt,-0.99965824,-1.432098337,1420,8580
493_400436_2347053_DON.txt,-0.99965824,-1.432098337,1420,8580
493_400436_2347054_DON.txt,-1.069718,-1.532465105,1169,8831
493_400626_2346021_RMY.txt,-0.40048855,-0.573735066,3566,6434
493_400657_2346035_DOY.txt,-0.15633901,-0.22396938,4440,5560
553_400071_2672008_RMY.txt,1.1561273,1.434967847,8587,1413
553_400151_2668001_RMY.txt,1.2916824,1.603216802,9008,992
553_400151_2668005_ROY.txt,1.1177621,1.387349537,8468,1532
553_400151_2668007_ROY.txt,0.76800562,0.953237045,7383,2617
553_400151_2668009_ROY.txt,0.3885161,0.48222035,6206,3794
553_400151_2668011_ROY.txt,1.2950374,1.607380978,9018,982
553_400160_2672035_DMN.txt,-0.072610531,-0.090123101,4775,5225
553_400185_2672021_DMN.txt,-0.21936722,-0.2722753,4319,5681
553_400199_2672015_DON.txt,-0.64907756,-0.805625323,2986,7014
553_400208_2672010_DMN.txt,0.66772432,0.828769401,7072,2928
553_400212_2672004_ROY.txt,0.88939762,1.103906973,7760,2240
553_400218_2672031_DON.txt,0.62110497,0.770906164,6927,3073
553_400263_2668004_DON.txt,-1.4150585,-1.756349365,609,9391
553_400263_2668006_DON.txt,0.037391821,0.046410167,5116,4884
553_400283_2672022_DMN.txt,-1.0935516,-1.357299828,1607,8393
553_400289_2672002_DMN.txt,0.081847491,0.101587877,5254,4746
553_400289_2672005_DON.txt,-0.46462903,-0.576690576,3558,6442
553_400289_2672012_DON.txt,-0.008239366,-0.010226577,4974,5026
553_400289_2672016_DON.txt,-0.75753424,-0.940240125,2649,7351
553_400314_2672037_DON.txt,-0.47996654,-0.595727263,3511,6489
553_400361_2672034_DON.txt,-0.42133274,-0.522951871,3693,6307
553_400361_2672038_DON.txt,0.77518182,0.962144037,7405,2595
553_400361_2672041_DON.txt,-0.17656748,-0.219152905,4452,5548
553_400361_2672042_DON.txt,0.19316942,0.239758984,5599,4401
553_400361_2672044_DON.txt,-0.99965824,-1.240760799,1898,8102
553_400370_2672023_RMY.txt,1.3918339,1.72752334,9319,681
553_400381_2672001_RMY.txt,0.21026499,0.260977749,5652,4348
553_400381_2672011_ROY.txt,1.0633227,1.319780171,8299,1701
553_400381_2672017_RMY.txt,0.37802088,0.469193841,6173,3827
553_400381_2672032_RMY.txt,0.78845538,0.97861898,7447,2553
553_400381_2672039_ROY.txt,1.0012774,1.242770476,8107,1893
553_400381_2672047_ROY.txt,0.99992827,1.241095956,8103,1897
553_400381_2672048_RMY.txt,0.67820369,0.841776238,7104,2896
553_400381_2672050_ROY.txt,-1.069718,-1.327717921,1681,8319
553_400387_2672019_DMN.txt,-1.0465143,-1.298917837,1753,8247
553_400400_2672018_RMN.txt,0.91211897,1.132108372,7830,2170
553_400628_2672045_DON.txt,-0.53359116,-0.662285337,3344,6656
553_400628_2672046_DON.txt,0.2415987,0.299868679,5750,4250
553_400628_2672049_DON.txt,-1.069718,-1.327717921,1681,8319
048_400027_0297016_RMY.txt,1.004282,1.273404853,8184,1816
048_400029_0294001_ROY.txt,0.97105292,1.231271197,8078,1922
048_400029_0294013_ROY.txt,0.99995126,1.267913581,8170,1830
048_400029_0294015_ROY.txt,0.34494187,0.437377799,6093,3907
048_400029_0294019_ROY.txt,1.0006575,1.268809076,8172,1828
048_400032_0287001_ROY.txt,0.84775004,1.074926181,7687,2313
048_400032_0287003_ROY.txt,1.4497754,1.838279517,9596,404
048_400032_0287005_ROY.txt,1.2942637,1.64109451,9103,897
048_400032_0287007_ROY.txt,0.35344062,0.448154005,6120,3880
048_400032_0287009_ROY.txt,1.8722921,2.374020291,10000,0
048_400036_0296017_ROY.txt,0.98639925,1.250729966,8127,1873
048_400036_0296021_ROY.txt,1.2351096,1.566088567,8915,1085
048_400036_0297006_ROY.txt,1.012351,1.283636146,8209,1791
048_400036_0297008_ROY.txt,1.0633227,1.348267007,8371,1629
048_400036_0297013_ROY.txt,1.4266562,1.80896494,9522,478
048_400036_0297029_ROY.txt,0.23704279,0.300564422,5751,4249
048_400036_0297046_ROY.txt,1.0633227,1.348267007,8371,1629
048_400036_0297049_ROY.txt,0.021524735,0.027292834,5068,4932
048_400036_0297073_ROY.txt,1.0633227,1.348267007,8371,1629
048_400036_0297087_ROY.txt,0.99992827,1.26788443,8170,1830
048_400070_0297019_RMY.txt,0.3078968,0.390405563,5976,4024
048_400103_0297085_DON.txt,0.62962071,0.79834356,6996,3004
048_400160_0297015_DMN.txt,-0.12926617,-0.163906321,4590,5410
048_400170_0294014_DON.txt,-0.68306736,-0.866112597,2835,7165
048_400170_0294020_DON.txt,-1.0000663,-1.268059449,1830,8170
048_400179_0296018_DON.txt,0.42505517,0.538959492,6347,3653
048_400179_0296022_DON.txt,0.88181629,1.118121347,7795,2205
048_400184_0297010_DMN.txt,-0.51474415,-0.65268291,3368,6632
048_400216_0296002_DMN.txt,-1.0787345,-1.36780879,1580,8420
048_400216_0296025_DON.txt,0.16660104,0.211246017,5528,4472
048_400216_0297011_DON.txt,-0.8513495,-1.079490208,2301,7699
048_400216_0297012_DON.txt,0.77327084,0.980488389,7451,2549
048_400216_0297081_DON.txt,0.034328254,0.043527381,5109,4891
048_400216_0297086_DON.txt,1.10212,1.397461028,8494,1506
048_400216_0297089_DON.txt,-1.069718,-1.35637609,1609,8391
048_400216_0297090_DON.txt,-1.069718,-1.35637609,1609,8391
048_400220_0287002_ROY.txt,1.043594,1.323251501,8308,1692
048_400257_0297007_DON.txt,0.43298994,0.549020585,6373,3627
048_400262_0296006_DON.txt,0.072278355,0.091647175,5229,4771
048_400263_0294011_DON.txt,0.1390344,0.176292196,5441,4559
048_400267_0296004_RMY.txt,1.2411909,1.573799506,8934,1066
048_400267_0297040_ROY.txt,0.60845474,0.771505631,6929,3071
048_400303_0296008_ROY.txt,0.85244294,1.080876663,7702,2298
048_400324_0296024_RMY.txt,1.2385712,1.570477791,8926,1074
048_400334_0296012_RMY.txt,0.85264045,1.0811271,7703,2297
048_400364_0297055_DON.txt,-0.20658002,-0.26193838,4345,5655
048_400364_0297071_DON.txt,-0.26235427,-0.332658756,4168,5832
048_400364_0297076_DON.txt,-0.17248874,-0.218711476,4453,5547
048_400364_0297080_DON.txt,-0.99965824,-1.267542039,1831,8169
048_400387_0297023_DMN.txt,-2.0538409,-2.6042197,0,10000
048_400407_0297034_DMN.txt,0.91549619,1.160826631,7902,2098
048_400416_0297041_DON.txt,0.31391436,0.398035681,5995,4005
048_400436_0296030_DMN.txt,-0.28331331,-0.359234302,4102,5898
048_400443_0297083_DON.txt,0.44939865,0.569826425,6425,3575
048_400626_0296028_ROY.txt,0.90880711,1.152345043,7881,2119
048_400626_0297030_ROY.txt,0.48578315,0.615961075,6540,3460
048_400633_0287008_ROY.txt,0.27889456,0.353631436,5884,4116
048_400643_0287004_RMY.txt,0.68555597,0.869268093,7173,2827
048_400651_0287006_ROY.txt,1.0816073,1.371451429,8429,1571
048_400658_0297021_ROY.txt,0.79471535,1.0076795,7519,2481
102_400005_0642034_ROY.txt,0.78799168,0.985828796,7465,2535
102_400007_0677067_DMN.txt,-1.4770653,-1.847904672,380,9620
102_400027_0677021_ROY.txt,0.80554152,1.007784787,7519,2481
102_400027_0677074_RMY.txt,0.56918561,0.712088185,6780,3220
102_400030_0642018_DOY.txt,0.4391841,0.549447848,6374,3626
102_400032_0641021_ROY.txt,1.7484912,2.18747611,10000,0
102_400034_0642014_ROY.txt,0.67007226,0.838303939,7096,2904
102_400035_0642052_RMY.txt,0.94134615,1.177685204,7944,2056
102_400043_0677006_DOY.txt,0.04683979,0.058599621,5146,4854
102_400048_0649001_DMN.txt,-0.65207502,-0.815788223,2961,7039
102_400060_0642050_ROY.txt,0.5413826,0.677304812,6693,3307
102_400060_0677064_ROY.txt,-0.55144758,-0.689896756,3275,6725
102_400061_0641007_ROY.txt,0.95927271,1.200112495,8000,2000
102_400064_0642016_DON.txt,-0.81196699,-1.015823467,2460,7540
102_400070_0677033_RMY.txt,1.2069218,1.509937599,8775,1225
102_400070_0677075_RMY.txt,-0.46388979,-0.580356271,3549,6451
102_400070_0677082_RMY.txt,0.81163848,1.01541248,7539,2461
102_400071_0677025_ROY.txt,1.4360812,1.7966309,9492,508
102_400080_0677004_DON.txt,-0.12182025,-0.152405049,4619,5381
102_400080_0677014_DON.txt,0.048928227,0.061212391,5153,4847
102_400080_0677030_DON.txt,0.32483689,0.406392058,6016,3984
102_400080_0677041_DON.txt,-0.58651097,-0.733763336,3166,6834
102_400080_0677048_DON.txt,-0.76692399,-0.959471747,2601,7399
102_400080_0677052_DON.txt,-1.5839449,-1.981617997,46,9954
102_400083_0641011_ROY.txt,0.6681309,0.835875172,7090,2910
102_400084_0642030_DOY.txt,1.0527616,1.317073171,8293,1707
102_400090_0677061_DMN.txt,-0.6921082,-0.865872332,2835,7165
102_400096_0642081_DOY.txt,0.40856046,0.511135684,6278,3722
102_400103_0677055_DON.txt,-0.54240293,-0.678581311,3304,6696
102_400111_0642028_DON.txt,-0.88013451,-1.101105464,2247,7753
102_400120_0642090_DMN.txt,-1.4965652,-1.872300314,319,9681
102_400125_0642057_DMN.txt,-1.5315582,-1.916078831,210,9790
102_400129_0677076_DMY.txt,0.31041639,0.388351075,5971,4029
102_400151_0641035_ROY.txt,0.2493936,0.3120076,5780,4220
102_400153_0642039_ROY.txt,1.3022761,1.629232025,9073,927
102_400154_0677017_RMY.txt,1.0663302,1.334048372,8335,1665
102_400160_0677077_DON.txt,-0.71899738,-0.899512444,2751,7249
102_400167_0642022_RMY.txt,0.85060024,1.064156173,7660,2340
102_400169_0642046_ROY.txt,0.48649579,0.608637846,6522,3478
102_400171_0641001_ROY.txt,0.99001589,1.238574211,8096,1904
102_400171_0641002_ROY.txt,0.89629169,1.121319146,7803,2197
102_400171_0641023_ROY.txt,0.68932323,0.862388154,7156,2844
102_400175_0641038_ROY.txt,1.5615866,1.953646311,9884,116
102_400176_0642006_ROY.txt,0.2024107,0.253228939,5633,4367
102_400184_0642059_DON.txt,-0.38980668,-0.487673487,3781,6219
102_400185_0642053_DMN.txt,-0.78828075,-0.986190442,2535,7465
102_400189_0642062_DON.txt,-0.40718713,-0.509417559,3726,6274
102_400189_0642067_DON.txt,-0.96400342,-1.206030921,1985,8015
102_400190_0642001_ROY.txt,0.31610731,0.395470786,5989,4011
102_400190_0642002_RMY.txt,0.88971158,1.113087001,7783,2217
102_400190_0642003_RMY.txt,-0.058149109,-0.072748314,4818,5182
102_400190_0642009_RMY.txt,0.82732907,1.035042428,7588,2412
102_400190_0642017_RMY.txt,1.4452421,1.808091781,9520,480
102_400190_0642021_RMY.txt,0.42675808,0.533902089,6335,3665
102_400190_0642025_ROY.txt,0.54636601,0.683539382,6709,3291
102_400190_0642040_ROY.txt,0.99995126,1.251004004,8128,1872
102_400190_0642045_RMY.txt,0.72169309,0.902884952,7257,2743
102_400190_0642060_ROY.txt,0.93410791,1.168629695,7922,2078
102_400190_0642064_ROY.txt,0.15442782,0.193199238,5483,4517
102_400190_0642068_RMY.txt,-0.48830373,-0.610899697,3473,6527
102_400190_0642072_ROY.txt,1.0207515,1.277026456,8193,1807
102_400190_0642074_RMY.txt,-0.13517437,-0.169111921,4577,5423
102_400190_0642078_ROY.txt,0.70809845,0.885877174,7215,2785
102_400190_0642087_ROY.txt,0.31298165,0.391560382,5979,4021
102_400190_0642088_ROY.txt,0.99995126,1.251004004,8128,1872
102_400190_0642091_RMY.txt,1.7733798,2.218613366,10000,0
102_400201_0642056_DMY.txt,0.65227239,0.816035145,7040,2960
102_400218_0642094_DMN.txt,-0.023916358,-0.029920918,4925,5075
102_400218_0677069_DMN.txt,0.39420259,0.493173056,6233,3767
102_400222_0677058_RMY.txt,0.27008939,0.337899378,5845,4155
102_400227_0677029_DON.txt,0.14067607,0.175994905,5440,4560
102_400230_0677079_DON.txt,-0.84390262,-1.055777016,2361,7639
102_400234_0642079_ROY.txt,0.13152015,0.164540254,5411,4589
102_400245_0677023_DON.txt,-0.28601886,-0.35782818,4105,5895
102_400262_0642012_DON.txt,-1.0311657,-1.290055297,1775,8225
102_400263_0641008_DON.txt,0.10012173,0.12525879,5313,4687
102_400263_0641012_DON.txt,0.62411695,0.78081086,6952,3048
102_400263_0641016_DON.txt,-0.43143446,-0.539752545,3651,6349
102_400263_0641019_DON.txt,-1.1527378,-1.442149894,1395,8605
102_400263_0641022_DON.txt,0.14414788,0.180338365,5451,4549
102_400263_0641025_DON.txt,-0.17775875,-0.222387747,4444,5556
102_400263_0641029_DON.txt,0.43656393,0.546169845,6365,3635
102_400263_0641036_DON.txt,0.99995126,1.251004004,8128,1872
102_400263_0641040_DON.txt,-0.60306788,-0.754477106,3114,6886
102_400263_0641042_DON.txt,-1.0000663,-1.251147927,1872,8128
102_400269_0677040_DON.txt,-1.1541028,-1.443857598,1390,8610
102_400283_0641033_DON.txt,-1.5578354,-1.948953316,128,9872
102_400291_0642020_DON.txt,-0.55065739,-0.688908177,3278,6722
102_400309_0677031_DON.txt,-1.3862457,-1.734283451,664,9336
102_400309_0677035_DON.txt,-0.67280263,-0.84171981,2896,7104
102_400314_0642044_DON.txt,-0.25812028,-0.322925243,4193,5807
102_400315_0641024_ROY.txt,0.6727543,0.841659346,7104,2896
102_400323_0641009_DON.txt,0.42728019,0.534555283,6336,3664
102_400323_0641026_DON.txt,0.009280082,0.011609986,5029,4971
102_400323_0642063_DON.txt,0.99995126,1.251004004,8128,1872
102_400323_0642073_DON.txt,0.056442154,0.070612802,5177,4823
102_400323_0642076_DON.txt,-0.26912412,-0.336691762,4158,5842
102_400323_0642082_DON.txt,-0.50727957,-0.634639706,3413,6587
102_400323_0642083_DON.txt,0.99995126,1.251004004,8128,1872
102_400323_0642086_DON.txt,0.2473285,0.309424025,5774,4226
102_400323_0642092_DON.txt,0.046852337,0.058615318,5147,4853
102_400323_0642096_DON.txt,-1.069718,-1.33828673,1654,8346
102_400328_0641018_ROY.txt,0.94780125,1.185760953,7964,2036
102_400338_0642047_ROY.txt,0.33219311,0.415595167,6039,3961
102_400348_0677080_RMY.txt,-0.6930067,-0.866996414,2833,7167
102_400354_0642097_DON.txt,-1.069718,-1.33828673,1654,8346
102_400355_0677043_DMN.txt,-0.83549408,-1.045257386,2387,7613
102_400357_0641013_ION.txt,-1.4362029,-1.796783154,508,9492
102_400360_0677086_DON.txt,0.090136986,0.112767227,5282,4718
102_400360_0677091_DON.txt,-0.99974745,-1.250749025,1873,8127
102_400364_0677027_DON.txt,0.049591854,0.062042632,5155,4845
102_400365_0677001_ROY.txt,1.4376414,1.798582811,9496,504
102_400365_0677002_RMY.txt,0.95000871,1.188522629,7971,2029
102_400365_0677003_RMY.txt,0.31499644,0.394081015,5985,4015
102_400365_0677013_ROY.txt,0.99995126,1.251004004,8128,1872
102_400365_0677024_ROY.txt,0.4140799,0.518040862,6295,3705
102_400365_0677038_ROY.txt,0.73846619,0.92386919,7310,2690
102_400365_0677044_ROY.txt,0.99995126,1.251004004,8128,1872
102_400365_0677047_ROY.txt,0.99995126,1.251004004,8128,1872
102_400365_0677089_ROY.txt,0.99992827,1.250975242,8127,1873
102_400365_0677090_ROY.txt,0.17762312,0.222218065,5556,4444
102_400365_0677093_ROY.txt,-1.0000663,-1.251147927,1872,8128
102_400369_0642010_ROY.txt,-0.05861718,-0.073333901,4817,5183
102_400370_0642051_RMY.txt,0.53093539,0.664234674,6661,3339
102_400370_0677065_RMY.txt,0.32495101,0.406534829,6016,3984
102_400371_0642042_DON.txt,-0.078706771,-0.098467285,4754,5246
102_400371_0642077_DON.txt,-0.12255809,-0.153328135,4617,5383
102_400381_0641031_ROY.txt,2.0058218,2.509413413,10000,0
102_400381_0677072_ROY.txt,0.93664572,1.17180466,7930,2070
102_400384_0677062_DMN.txt,-0.53971288,-0.675215884,3312,6688
102_400384_0677092_DON.txt,0.77772917,0.97298973,7432,2568
102_400384_0677094_DON.txt,0.56819151,0.710844501,6777,3223
102_400387_0642004_DON.txt,-0.41664221,-0.521246479,3697,6303
102_400387_0642011_DON.txt,0.46621072,0.583259906,6458,3542
102_400387_0642035_DON.txt,0.99995126,1.251004004,8128,1872
102_400390_0677088_DON.txt,-0.083836738,-0.104885207,4738,5262
102_400395_0642024_DON.txt,-0.77879953,-0.974328819,2564,7436
102_400400_0677083_RMY.txt,0.450559,0.563678587,6409,3591
102_400407_0642032_DON.txt,-0.5542352,-0.69338425,3267,6733
102_400411_0642037_ROY.txt,0.56576516,0.707808979,6770,3230
102_400424_0677012_DON.txt,-0.6255434,-0.782595442,3044,6956
102_400427_0642058_RMY.txt,0.9102514,1.138783651,7847,2153
102_400427_0677073_RMY.txt,0.8555809,1.070387303,7676,2324
102_400441_0642054_RMY.txt,0.83777281,1.048108225,7620,2380
102_400622_0642048_ROY.txt,1.2439991,1.556323711,8891,1109
102_400622_0677081_ROY.txt,0.44761809,0.559999317,6400,3600
102_400626_0642085_ROY.txt,0.8652051,1.082427802,7706,2294
102_400627_0641015_ROY.txt,1.0145467,1.269263848,8173,1827
102_400636_0642049_RMY.txt,1.4913223,1.865741105,9664,336
102_400643_0642055_ROY.txt,0.60065714,0.751461114,6879,3121
102_400651_0641028_ROY.txt,0.25021912,0.313040379,5783,4217
102_400654_0642026_ROY.txt,0.75394757,0.943237403,7358,2642
182_400171_1101043_ROY.txt,-1.069718,-1.377166747,1557,8443
182_400367_1101001_ROY.txt,0.9701903,1.249033689,8123,1877
182_400367_1101016_ROY.txt,0.67146153,0.864446977,7161,2839
182_400367_1101019_ROY.txt,-0.20931073,-0.269468942,4326,5674
182_400367_1101023_ROY.txt,0.39901285,0.513693542,6284,3716
182_400367_1101027_ROY.txt,0.71758243,0.923823532,7310,2690
182_400367_1101036_ROY.txt,0.01626555,0.020940448,5052,4948
182_400378_1101042_DON.txt,-0.99974745,-1.28708589,1782,8218
204_400003_1201237_DMY.txt,0.13997304,0.233029923,5583,4417
204_400004_1201102_RMN.txt,-0.75267511,-1.253068614,1867,8133
204_400005_1201055_RON.txt,0.21924913,0.365010347,5913,4087
204_400013_1201024_DMY.txt,0.95768137,1.594367146,8986,1014
204_400016_1201161_RON.txt,-0.3842464,-0.639701111,3401,6599
204_400017_1184001_RON.txt,-0.26613218,-0.443062189,3892,6108
204_400017_1184003_RMN.txt,0.22772272,0.37911735,5948,4052
204_400017_1184005_RON.txt,0.86585565,1.441493846,8604,1396
204_400017_1184007_RMN.txt,0.20069041,0.334113418,5835,4165
204_400017_1732001_RMN.txt,-0.22987413,-0.382699061,4043,5957
204_400017_1732003_RON.txt,0.47478125,0.790425344,6976,3024
204_400017_1732007_RMN.txt,-0.63502991,-1.057210526,2357,7643
204_400018_1200001_ROY.txt,0.15783478,0.262766506,5657,4343
204_400018_1200002_ROY.txt,0.87972735,1.464587731,8661,1339
204_400018_1200003_RMY.txt,-0.018810382,-0.031315901,4922,5078
204_400018_1200005_ROY.txt,0.58749895,0.978080031,7445,2555
204_400018_1200044_ROY.txt,0.70684033,1.176761953,7942,2058
204_400018_1200056_ROY.txt,0.31447044,0.523536694,6309,3691
204_400018_1200063_ROY.txt,-0.99928148,-1.663623843,841,9159
204_400018_1200064_RMY.txt,0.21787948,0.362730127,5907,4093
204_400018_1201001_ROY.txt,0.8807815,1.466342701,8666,1334
204_400018_1201002_ROY.txt,0.55514787,0.924221305,7311,2689
204_400018_1201003_ROY.txt,0.26596375,0.442781783,6107,3893
204_400018_1201004_ROY.txt,0.95441845,1.588934971,8972,1028
204_400018_1201006_RMY.txt,-0.2798711,-0.465935019,3835,6165
204_400018_1201022_ROY.txt,0.99995126,1.664738906,9162,838
204_400018_1201075_ROY.txt,1.0065842,1.675781558,9189,811
204_400018_1201115_ROY.txt,0.99995126,1.664738906,9162,838
204_400018_1201131_ROY.txt,0.99995126,1.664738906,9162,838
204_400018_1201139_ROY.txt,0.99995126,1.664738906,9162,838
204_400018_1201212_ROY.txt,-0.15438892,-0.257029769,4357,5643
204_400019_1201042_ROY.txt,-0.50996615,-0.849001871,2877,7123
204_400027_1201066_RMY.txt,0.48744357,0.811505828,7029,2971
204_400032_1201081_RMN.txt,-0.47028389,-0.782938049,3043,6957
204_400033_1201175_DOY.txt,-0.44585555,-0.742269259,3144,6856
204_400034_1201068_RON.txt,0.2222618,0.370025901,5925,4075
204_400035_1201096_ROY.txt,-0.1010764,-0.168274017,4579,5421
204_400039_1201031_RMY.txt,-0.079319654,-0.13205295,4670,5330
204_400050_1200004_DOY.txt,0.3861642,0.642893903,6607,3393
204_400050_1200026_DOY.txt,-0.92638202,-1.542259361,1144,8856
204_400050_1200043_DOY.txt,0.052634737,0.087627365,5219,4781
204_400050_1200045_DOY.txt,0.99995126,1.664738906,9162,838
204_400050_1200048_DOY.txt,1.4735176,2.453141644,10000,0
204_400050_1200051_DOY.txt,0.99995126,1.664738906,9162,838
204_400050_1200054_DOY.txt,-0.99928148,-1.663623843,841,9159
204_400050_1200055_DOY.txt,-0.44108323,-0.734324205,3164,6836
204_400050_1200058_DOY.txt,-0.50555403,-0.841656485,2896,7104
204_400051_1201114_RMY.txt,0.40808846,0.67939385,6698,3302
204_400052_1201036_RON.txt,0.28898194,0.481102928,6203,3797
204_400062_1192001_DMY.txt,-1.4914075,-2.482925108,0,10000
204_400062_1201133_DMY.txt,-0.33770311,-0.562214908,3594,6406
204_400064_1201213_DMY.txt,0.66347148,1.104560622,7761,2239
204_400067_1201231_DMY.txt,0.76734019,1.277483333,8194,1806
204_400070_1200050_RMY.txt,0.83191637,1.384991052,8462,1538
204_400070_1201013_RMY.txt,-0.084480048,-0.140644078,4648,5352
204_400070_1201021_ROY.txt,0.99995126,1.664738906,9162,838
204_400070_1201039_ROY.txt,0.99995126,1.664738906,9162,838
204_400070_1201057_ROY.txt,0.99995126,1.664738906,9162,838
204_400070_1201074_ROY.txt,0.67137679,1.117721541,7794,2206
204_400070_1201104_ROY.txt,0.99995126,1.664738906,9162,838
204_400070_1201130_ROY.txt,0.99995126,1.664738906,9162,838
204_400070_1201138_ROY.txt,0.99995126,1.664738906,9162,838
204_400070_1201206_RMY.txt,-0.032850282,-0.054689808,4863,5137
204_400070_1201243_ROY.txt,-1.0000663,-1.664930427,838,9162
204_400071_1201195_RON.txt,0.51595533,0.858972778,7147,2853
204_400074_1200065_DMY.txt,1.2440561,2.071129538,10000,0
204_400087_1201173_DMY.txt,-0.33270203,-0.55388901,3615,6385
204_400091_1201016_ROY.txt,-0.54219057,-0.902649732,2743,7257
204_400091_1201155_ROY.txt,-0.061351308,-0.102138888,4745,5255
204_400092_1200013_DOY.txt,0.2147585,0.357534257,5894,4106
204_400098_1201029_RMY.txt,0.17072639,0.284228717,5711,4289
204_400101_1200062_DOY.txt,0.28591024,0.4759891,6190,3810
204_400101_1201078_DOY.txt,0.008028543,0.013366079,5033,4967
204_400101_1201108_DOY.txt,-0.6314076,-1.051180032,2372,7628
204_400101_1201166_DOY.txt,-0.091161984,-0.151768299,4621,5379
204_400101_1201190_DOY.txt,0.28961525,0.482157275,6205,3795
204_400101_1201209_DMY.txt,-0.87066976,-1.449508473,1376,8624
204_400103_1201239_DOY.txt,-0.7367944,-1.22663009,1933,8067
204_400104_1135002_RMN.txt,1.0011515,1.66673709,9167,833
204_400104_1135004_RON.txt,-0.019789764,-0.032946396,4918,5082
204_400104_1135008_RON.txt,0.62262515,1.036558833,7591,2409
204_400104_1135010_RON.txt,-0.62225775,-1.035947178,2410,7590
204_400104_1135014_RON.txt,0.440603,0.733524708,6834,3166
204_400104_1135016_RON.txt,1.2429855,2.069347182,10000,0
204_400104_1135020_RON.txt,-0.14966376,-0.249163228,4377,5623
204_400104_1135024_RON.txt,1.3838116,2.303797297,10000,0
204_400104_1135026_RON.txt,-1.6164762,-2.691141988,0,10000
204_400104_1135028_RON.txt,0.19391386,0.322831682,5807,4193
204_400104_1200034_RON.txt,0.2475022,0.412046625,6030,3970
204_400104_1201080_RON.txt,-0.057454495,-0.095651395,4761,5239
204_400104_1201089_RON.txt,-0.66855375,-1.113021687,2217,7783
204_400104_1201090_RON.txt,-0.072086077,-0.120010346,4700,5300
204_400104_1201142_RON.txt,0.99995126,1.664738906,9162,838
204_400104_1201184_RON.txt,0.3118119,0.519110703,6298,3702
204_400104_1201189_RON.txt,-0.12134148,-0.202011729,4495,5505
204_400104_1201200_RON.txt,0.35255347,0.586938085,6467,3533
204_400104_1201208_RON.txt,-0.73215923,-1.218913366,1953,8047
204_400115_1201086_ROY.txt,0.65258707,1.086440038,7716,2284
204_400120_1201221_DMY.txt,0.66816023,1.112366547,7781,2219
204_400122_1200028_DMY.txt,0.21499978,0.357935944,5895,4105
204_400124_1201163_DMY.txt,0.33666879,0.560492952,6401,3599
204_400124_1201215_DMY.txt,0.39022228,0.649649876,6624,3376
204_400125_1201241_DMY.txt,-0.14642865,-0.243777352,4391,5609
204_400126_1201061_DMY.txt,0.39283272,0.653995788,6635,3365
204_400132_1200011_RON.txt,-0.32507038,-0.541183686,3647,6353
204_400132_1201107_RON.txt,0.65075508,1.083390105,7708,2292
204_400145_1201157_RON.txt,-0.52468826,-0.873511535,2816,7184
204_400151_1184002_RON.txt,0.32259837,0.537068234,6343,3657
204_400151_1184006_RON.txt,0.31140151,0.518427477,6296,3704
204_400151_1200030_RMN.txt,0.8959112,1.491530928,8729,1271
204_400151_1201165_RMN.txt,-0.58599215,-0.97557148,2561,7439
204_400151_1732002_RON.txt,0.69119371,1.150713147,7877,2123
204_400151_1732006_RON.txt,0.29884802,0.497528175,6244,3756
204_400160_1200032_DMY.txt,0.11022396,0.183503059,5459,4541
204_400166_1201222_DMY.txt,-0.44795272,-0.74576067,3136,6864
204_400168_1200053_RON.txt,0.096226485,0.160199782,5400,4600
204_400168_1201111_RON.txt,-0.14629567,-0.243555965,4391,5609
204_400184_1194001_DMY.txt,0.097770495,0.16277028,5407,4593
204_400184_1201167_DMY.txt,-0.24145605,-0.401980873,3995,6005
204_400185_1201236_DMY.txt,0.1476016,0.245730103,5614,4386
204_400189_1135003_DOY.txt,-0.8455183,-1.407635818,1481,8519
204_400189_1135005_DOY.txt,-1.1641053,-1.938025843,155,9845
204_400189_1135009_DOY.txt,-0.23588082,-0.392699118,4018,5982
204_400189_1135011_DOY.txt,0.80029895,1.332353738,8331,1669
204_400189_1135013_DOY.txt,-0.31250982,-0.520272614,3699,6301
204_400189_1135015_DOY.txt,-0.58642517,-0.976292381,2559,7441
204_400189_1135017_DOY.txt,-0.052545469,-0.08747875,4781,5219
204_400189_1135021_DOY.txt,-0.48658604,-0.810078195,2975,7025
204_400189_1135025_DOY.txt,-0.51575964,-0.858646989,2853,7147
204_400189_1135027_DOY.txt,1.0042626,1.671916512,9180,820
204_400189_1135029_DOY.txt,-0.089547198,-0.149079971,4627,5373
204_400189_1201049_DOY.txt,0.050700254,0.084406799,5211,4789
204_400192_1201201_RON.txt,-0.15412548,-0.256591189,4359,5641
204_400193_1201149_DOY.txt,-0.11045096,-0.183880973,4540,5460
204_400195_1201240_DOY.txt,-0.50006285,-0.832514659,2919,7081
204_400199_1200017_DOY.txt,-0.31861762,-0.530441002,3674,6326
204_400199_1201205_DMY.txt,-0.11241224,-0.187146151,4532,5468
204_400205_1201177_ROY.txt,0.54815887,0.912585877,7281,2719
204_400208_1200040_DOY.txt,0.84909372,1.413588249,8534,1466
204_400211_1201038_DON.txt,0.1313692,0.218706078,5547,4453
204_400217_1200036_DMY.txt,0.44559269,0.741831644,6855,3145
204_400218_1201088_DOY.txt,0.87266367,1.452827974,8632,1368
204_400218_1201233_DMY.txt,0.72112123,1.200537082,8001,1999
204_400220_1201026_RON.txt,-0.03873829,-0.064492282,4839,5161
204_400222_1201121_ROY.txt,-0.74015804,-1.232229945,1919,8081
204_400226_1201199_RMY.txt,0.8389602,1.396717762,8492,1508
204_400227_1201228_DMY.txt,-0.091433996,-0.15222115,4619,5381
204_400230_1201009_DMY.txt,0.62727843,1.044305707,7611,2389
204_400233_1201219_DMY.txt,-0.63242988,-1.052881944,2368,7632
204_400236_1201045_ROY.txt,-0.093894618,-0.156317643,4609,5391
204_400237_1201217_DMY.txt,0.46656273,0.776742987,6942,3058
204_400238_1201242_DOY.txt,0.000509553,0.000848313,5002,4998
204_400245_1204001_DMY.txt,-0.98549694,-1.640675065,898,9102
204_400246_1201079_DMY.txt,-0.29008761,-0.482943669,3793,6207
204_400251_1201109_DMY.txt,-0.18306276,-0.304766553,4238,5762
204_400253_1201126_DOY.txt,0.017987162,0.029945388,5075,4925
204_400262_1201147_DOY.txt,-0.55438824,-0.922956657,2693,7307
204_400263_1201226_DMY.txt,0.060302307,0.10039249,5251,4749
204_400269_1201216_DMY.txt,-0.40315565,-0.671181609,3322,6678
204_400283_1201229_DMY.txt,-0.49134138,-0.817994981,2955,7045
204_400285_1200025_RON.txt,0.85045346,1.415851972,8540,1460
204_400287_1201171_RON.txt,0.58806421,0.979021087,7448,2552
204_400288_1201059_RMN.txt,-0.139522,-0.232279023,4419,5581
204_400289_1201153_DOY.txt,-0.25574052,-0.425761945,3936,6064
204_400299_1201094_DON.txt,-0.20609343,-0.343108474,4142,5858
204_400303_1184004_RON.txt,-0.92047182,-1.532419941,1169,8831
204_400311_1200067_RON.txt,-1.5371127,-2.559016042,0,10000
204_400314_1201117_DOY.txt,0.2308146,0.384264774,5961,4039
204_400315_1200042_RON.txt,0.38599152,0.642606421,6607,3393
204_400315_1201011_RON.txt,-0.19369368,-0.322465122,4194,5806
204_400320_1193001_RMN.txt,0.53325057,0.88776624,7219,2781
204_400320_1200047_RON.txt,-0.055116207,-0.091758566,4771,5229
204_400320_1201077_RMN.txt,0.71798087,1.195308948,7988,2012
204_400323_1201224_DMY.txt,0.71032414,1.18256187,7956,2044
204_400332_1201084_ROY.txt,-0.42945785,-0.714970039,3213,6787
204_400336_1201151_RON.txt,0.31975338,0.532331838,6331,3669
204_400346_1201238_DMY.txt,0.25679405,0.427515883,6069,3931
204_400356_1201230_DMY.txt,0.76141012,1.267610834,8169,1831
204_400360_1201033_DOY.txt,-0.08263572,-0.137573603,4656,5344
204_400370_1201137_ROY.txt,0.5601897,0.932615044,7332,2668
204_400380_1200007_RMN.txt,0.39537242,0.658223932,6646,3354
204_400380_1200023_RON.txt,0.32609222,0.542884866,6357,3643
204_400380_1200069_RON.txt,-1.0000663,-1.664930427,838,9162
204_400380_1201092_RMN.txt,0.33742963,0.561759613,6404,3596
204_400383_1201018_DOY.txt,0.3959326,0.659156531,6648,3352
204_400385_1201135_RMN.txt,0.35650656,0.593519269,6484,3516
204_400387_1201100_DMY.txt,-0.007900602,-0.01315308,4967,5033
204_400391_1201012_DMN.txt,-0.55699663,-0.927299157,2682,7318
204_400391_1201027_DON.txt,0.99995126,1.664738906,9162,838
204_400391_1201056_DON.txt,0.99995126,1.664738906,9162,838
204_400391_1201064_DON.txt,0.99995126,1.664738906,9162,838
204_400391_1201073_DON.txt,0.99995126,1.664738906,9162,838
204_400391_1201082_DON.txt,0.99995126,1.664738906,9162,838
204_400391_1201103_DON.txt,0.99995126,1.664738906,9162,838
204_400391_1201112_DON.txt,0.99995126,1.664738906,9162,838
204_400391_1201129_DON.txt,-0.20414083,-0.339857747,4150,5850
204_400391_1201143_DON.txt,0.99995126,1.664738906,9162,838
204_400391_1201191_DON.txt,0.60875113,1.013461086,7534,2466
204_400391_1201207_DMN.txt,-0.77256994,-1.286189926,1785,8215
204_400393_1201218_ROY.txt,-0.39117884,-0.651242376,3372,6628
204_400405_1201181_RON.txt,-0.36885458,-0.6140765,3465,6535
204_400413_1201227_DMY.txt,0.31584319,0.525822075,6315,3685
204_400414_1201183_ROY.txt,-0.85634599,-1.425661974,1436,8564
204_400415_1201232_DOY.txt,0.35804828,0.596085955,6490,3510
204_400425_1201159_DMY.txt,-0.037866378,-0.063040705,4842,5158
204_400427_1200015_RON.txt,0.86032048,1.432278784,8581,1419
204_400427_1200057_RON.txt,0.20651904,0.343817038,5860,4140
204_400427_1201072_RON.txt,-0.58614647,-0.975828395,2560,7440
204_400427_1201203_RON.txt,0.20295487,0.337883337,5845,4155
204_400428_1200060_RON.txt,-0.070017272,-0.116566158,4709,5291
204_400432_1201186_RON.txt,-0.61813635,-1.029085789,2427,7573
204_400436_1201234_DOY.txt,0.22535644,0.37517792,5938,4062
204_400437_1201179_DOY.txt,-0.071119984,-0.118401975,4704,5296
204_400439_1200066_RMY.txt,0.93159988,1.550946158,8877,1123
204_400441_1201193_RMN.txt,0.12929926,0.21526,5538,4462
204_400617_1200019_RMN.txt,0.45510345,0.757665348,6894,3106
204_400617_1201054_RON.txt,0.028661005,0.047715416,5119,4881
204_400617_1201128_RON.txt,0.087137899,0.145068921,5363,4637
204_400620_1201220_DMY.txt,0.12734877,0.212012786,5530,4470
204_400626_1200038_RMN.txt,1.1174715,1.860388958,9651,349
204_400626_1201020_RON.txt,0.1023893,0.17045976,5426,4574
204_400626_1201235_RON.txt,-0.16157489,-0.268993116,4328,5672
204_400636_1201119_RMN.txt,-0.65449853,-1.089622275,2276,7724
204_400637_1201145_ROY.txt,0.14621895,0.24342824,5609,4391
204_400638_1201070_DMY.txt,-0.068891414,-0.114691807,4713,5287
204_400639_1201188_DOY.txt,0.12559509,0.209093224,5523,4477
204_400640_1201197_RON.txt,0.12052615,0.200654351,5502,4498
204_400641_1201214_DMY.txt,0.10894657,0.181376434,5453,4547
204_400643_1201063_RON.txt,0.37818206,0.629605076,6574,3426
204_400644_1201169_RMN.txt,-0.60142682,-1.001267428,2497,7503
204_400648_1201211_RMY.txt,0.44733445,0.744731361,6862,3138
204_400651_1201225_RON.txt,-0.15847039,-0.263824683,4340,5660
204_400663_1200009_DMY.txt,-0.16874848,-0.280935853,4298,5702
296_400276_1477019_ROY.txt,-0.12474847,-0.149466656,4626,5374
296_400289_1477002_DON.txt,1.3253398,1.5879482,8970,1030
296_400289_1477016_DON.txt,0.96864362,1.160574739,7901,2099
296_400303_1477031_ROY.txt,0.95032752,1.13862941,7847,2153
296_400365_1477003_RMY.txt,0.8595832,1.029904629,7575,2425
296_400365_1477070_ROY.txt,0.15832035,0.18969061,5474,4526
296_400365_1477072_ROY.txt,0.60040794,0.719375293,6798,3202
296_400365_1477086_ROY.txt,0.63173241,0.756906526,6892,3108
296_400365_1477096_ROY.txt,0.28273239,0.338754174,5847,4153
296_400365_1477098_ROY.txt,-1.0000663,-1.198223641,2004,7996
296_400399_1477067_DOY.txt,-0.23150825,-0.277380268,4307,5693
296_400399_1477068_DOY.txt,-0.91588382,-1.097360891,2257,7743
296_400399_1477069_DOY.txt,0.37170013,0.445350356,6113,3887
296_400399_1477071_DOY.txt,0.57317823,0.686750174,6717,3283
296_400399_1477074_DOY.txt,-0.88881232,-1.06492533,2338,7662
296_400399_1477075_DOY.txt,-0.48162279,-0.577053554,3557,6443
296_400399_1477076_DOY.txt,-1.5729019,-1.884563295,289,9711
296_400399_1477077_DOY.txt,-0.32186735,-0.3856435,4036,5964
296_400399_1477078_DOY.txt,-1.3420166,-1.607929411,980,9020
296_400399_1477079_DOY.txt,1.1758643,1.408854996,8522,1478
296_400399_1477080_DOY.txt,-1.069718,-1.281676422,1796,8204
296_400399_1477081_DOY.txt,-0.99934657,-1.197361301,2007,7993
296_400399_1477083_DOY.txt,0.005115789,0.006129453,5015,4985
296_400399_1477084_DOY.txt,-0.23150825,-0.277380268,4307,5693
296_400399_1477085_DOY.txt,-0.91261424,-1.093443462,2266,7734
296_400399_1477089_DOY.txt,-0.22932631,-0.274765989,4313,5687
296_400399_1477090_DOY.txt,-0.13752373,-0.16477326,4588,5412
296_400399_1477091_DOY.txt,-1.069718,-1.281676422,1796,8204
296_400399_1477092_DOY.txt,1.1862386,1.421284903,8553,1447
296_400424_1477054_DON.txt,-0.99928148,-1.197283314,2007,7993
296_400424_1477064_DON.txt,-0.99974745,-1.197841613,2005,7995
296_400651_1477066_ROY.txt,0.3335944,0.399694197,5999,4001
367_400104_1710018_ROY.txt,1.2760983,1.798168419,9495,505
367_400124_1710026_DON.txt,-0.63562649,-0.895670404,2761,7239
367_400227_1710016_DMN.txt,-0.023912964,-0.033696101,4916,5084
367_400245_1710013_DON.txt,-0.16069996,-0.226444619,4434,5566
367_400254_1710028_DMY.txt,0.18878603,0.266021103,5665,4335
367_400276_1710007_ROY.txt,0.83337664,1.174322977,7936,2064
367_400278_1710009_DON.txt,-0.51327658,-0.723265391,3192,6808
367_400306_1710005_DON.txt,-0.34290373,-0.483190565,3792,6208
367_400306_1710023_DON.txt,-0.26789576,-0.377495758,4056,5944
367_400306_1710029_DON.txt,-1.0000663,-1.409207768,1477,8523
367_400379_1710020_DON.txt,-0.54526388,-0.768339155,3079,6921
367_400405_1710004_ROY.txt,-0.00931275,-0.01312273,4967,5033
367_400405_1710011_ROY.txt,1.3204229,1.860626849,9652,348
367_400405_1710022_ROY.txt,1.2700688,1.789672164,9474,526
367_400405_1710025_ROY.txt,0.39552273,0.557336752,6393,3607
367_400412_1710027_DON.txt,-0.33279161,-0.468941431,3828,6172
367_400636_1710001_ROY.txt,0.62889375,0.886183204,7215,2785
367_400636_1710002_RMY.txt,0.83569993,1.177596759,7944,2056
367_400636_1710006_ROY.txt,1.2095569,1.704403978,9261,739
367_400636_1710014_ROY.txt,0.71700839,1.010346807,7526,2474
367_400636_1710021_ROY.txt,0.13267052,0.186947933,5467,4533
414_400008_1908050_DOY.txt,-0.18259048,-0.260730538,4348,5652
414_400013_1909059_DMN.txt,0.11666376,0.166590311,5416,4584
414_400025_1909203_DON.txt,-0.45269287,-0.646423928,3384,6616
414_400025_1909207_DON.txt,0.20722318,0.295904864,5740,4260
414_400025_1911021_DON.txt,-0.99965824,-1.427464511,1431,8569
414_400033_1909111_DON.txt,-0.13870706,-0.198067097,4505,5495
414_400033_3170089_DON.txt,-0.14410856,-0.205780183,4486,5514
414_400034_3170068_ROY.txt,0.27608096,0.394230505,5986,4014
414_400043_1912033_DON.txt,-0.24787802,-0.353958045,4115,5885
414_400043_1912034_DMN.txt,-0.51162158,-0.730571329,3174,6826
414_400043_1912039_DON.txt,-1.0000663,-1.428047202,1430,8570
414_400043_2897006_DON.txt,1.1999093,1.713413519,9284,716
414_400043_2897008_DON.txt,1.4924187,2.131103056,10000,0
414_400043_2897027_DON.txt,0.92085104,1.314931571,8287,1713
414_400051_1909041_ROY.txt,1.4471902,2.066518905,10000,0
414_400061_1909162_ROY.txt,1.3480187,1.924906711,9812,188
414_400061_1909178_ROY.txt,-0.99965824,-1.427464511,1431,8569
414_400064_3170104_DMY.txt,1.1043245,1.576922962,8942,1058
414_400068_1911060_ROY.txt,1.3699532,1.956228136,9891,109
414_400069_3170088_DOY.txt,0.48166942,0.687801066,6720,3280
414_400072_1909078_ROY.txt,1.1239553,1.604954812,9012,988
414_400076_1908011_ROY.txt,0.8968321,1.280633665,8202,1798
414_400076_1909009_ROY.txt,0.63870215,0.91203635,7280,2720
414_400076_1911043_ROY.txt,-0.99965824,-1.427464511,1431,8569
414_400076_1911048_ROY.txt,1.0633227,1.518374338,8796,1204
414_400076_1911054_ROY.txt,1.7333267,2.475108244,10000,0
414_400076_3170014_ROY.txt,-0.10373885,-0.148134153,4630,5370
414_400080_1909003_DON.txt,-0.12529224,-0.178911371,4553,5447
414_400080_1909166_DON.txt,-0.075368748,-0.107622994,4731,5269
414_400080_1909174_DON.txt,-0.035631717,-0.0508804,4873,5127
414_400080_1909199_DON.txt,0.81650102,1.165924696,7915,2085
414_400080_1909215_DON.txt,0.5465416,0.78043546,6951,3049
414_400080_3170051_DON.txt,-0.2695533,-0.384909316,4038,5962
414_400080_3170057_DON.txt,0.79036712,1.128606727,7822,2178
414_400080_3170065_DON.txt,0.53644794,0.766022192,6915,3085
414_400080_3170072_DON.txt,-0.38062566,-0.543515374,3641,6359
414_400080_3170075_DON.txt,0.80220134,1.145505432,7864,2136
414_400080_3170107_DON.txt,-0.63394046,-0.905236883,2737,7263
414_400080_3170109_DON.txt,-0.5577373,-0.796422388,3009,6991
414_400090_1909108_DMN.txt,-0.44466112,-0.634954971,3413,6587
414_400091_1909067_ROY.txt,0.23690346,0.338286895,5846,4154
414_400100_3170036_DON.txt,-0.15148709,-0.216316373,4459,5541
414_400101_3170102_DMN.txt,0.080418737,0.114834139,5287,4713
414_400102_1909154_DON.txt,0.81781158,1.167796113,7919,2081
414_400102_1909226_DON.txt,-0.99965824,-1.427464511,1431,8569
414_400102_1911019_DON.txt,-0.62272515,-0.889221952,2777,7223
414_400103_1909103_DON.txt,0.15467871,0.220873855,5552,4448
414_400110_1909104_DMN.txt,-0.32788073,-0.468198117,3830,6170
414_400110_3170100_DMN.txt,-0.17028831,-0.243163623,4392,5608
414_400111_3170024_DON.txt,-0.56231401,-0.802957712,2993,7007
414_400115_3170006_ROY.txt,-0.080376461,-0.114773771,4713,5287
414_400122_1909091_DON.txt,-0.19128441,-0.273145057,4317,5683
414_400124_3170058_DON.txt,0.73490836,1.049414251,7624,2376
414_400129_1909105_DON.txt,-0.14345474,-0.204846559,4488,5512
414_400129_3170083_DON.txt,-0.7593445,-1.084307899,2289,7711
414_400131_1909018_ROY.txt,0.50752453,0.724720936,6812,3188
414_400134_1909136_ROY.txt,-0.1375591,-0.196427865,4509,5491
414_400134_1909144_ROY.txt,-0.99965824,-1.427464511,1431,8569
414_400134_1909183_ROY.txt,1.1165088,1.594321564,8986,1014
414_400134_1909186_ROY.txt,1.0633227,1.518374338,8796,1204
414_400134_1909194_ROY.txt,0.41863187,0.597786437,6494,3506
414_400134_1909196_ROY.txt,-0.23283539,-0.332477884,4169,5831
414_400134_1909206_ROY.txt,-0.10605023,-0.151434694,4621,5379
414_400134_1909208_ROY.txt,-0.31462505,-0.449269636,3877,6123
414_400134_1909214_ROY.txt,0.090136986,0.128711337,5322,4678
414_400134_1909236_ROY.txt,1.0633227,1.518374338,8796,1204
414_400151_1908001_ROY.txt,0.98340425,1.404254585,8511,1489
414_400151_1908005_ROY.txt,-0.6720828,-0.959702334,2601,7399
414_400151_1908038_ROY.txt,0.46239536,0.660278623,6651,3349
414_400151_1908043_RMY.txt,1.0590775,1.512312394,8781,1219
414_400151_1908049_ROY.txt,-1.069718,-1.527506523,1181,8819
414_400151_3170001_ROY.txt,0.98340425,1.404254585,8511,1489
414_400151_3170002_RMY.txt,0.76286268,1.089331693,7723,2277
414_400151_3170005_ROY.txt,1.0247014,1.463224955,8658,1342
414_400151_3170009_RMY.txt,0.81879566,1.169201333,7923,2077
414_400151_3170017_ROY.txt,1.2074808,1.724225261,9311,689
414_400151_3170025_ROY.txt,-0.11637168,-0.166173235,4585,5415
414_400151_3170037_ROY.txt,1.29236,1.84542873,9614,386
414_400151_3170042_ROY.txt,0.73294626,1.046612465,7617,2383
414_400151_3170044_ROY.txt,-0.35503585,-0.50697434,3733,6267
414_400166_1909083_DOY.txt,-0.18199336,-0.259877879,4350,5650
414_400166_1909092_DOY.txt,0.064444185,0.092023237,5230,4770
414_400166_3170090_DOY.txt,0.33619874,0.480075841,6200,3800
414_400168_1911079_ROY.txt,-0.99965824,-1.427464511,1431,8569
414_400168_3170096_RMY.txt,1.9264356,2.750858586,10000,0
414_400182_1909074_ROY.txt,1.0633227,1.518374338,8796,1204
414_400182_1909089_ROY.txt,1.0633227,1.518374338,8796,1204
414_400182_1909096_ROY.txt,0.72983189,1.042165293,7605,2395
414_400182_3170053_ROY.txt,0.89243347,1.27435263,8186,1814
414_400184_3170062_DON.txt,0.29284631,0.418170629,6045,3955
414_400185_1909102_DMN.txt,-0.44890027,-0.641008276,3397,6603
414_400185_3170105_DMN.txt,-0.55990362,-0.79951579,3001,6999
414_400189_2897021_DOY.txt,-0.40292579,-0.575358901,3562,6438
414_400192_3170095_RMY.txt,0.80190849,1.145087256,7863,2137
414_400196_1909155_ROY.txt,1.8604604,2.656649132,10000,0
414_400199_2897024_DON.txt,0.41404805,0.59124096,6478,3522
414_400204_3170084_DON.txt,-0.62031306,-0.885777602,2786,7214
414_400209_2897028_ROY.txt,0.24427894,0.34881873,5872,4128
414_400212_3170022_ROY.txt,0.028844147,0.041188073,5103,4897
414_400214_3170098_ROY.txt,0.22212377,0.317182199,5793,4207
414_400217_1909097_DMN.txt,0.052427497,0.074863977,5187,4813
414_400227_3170008_DON.txt,-0.65732733,-0.938632223,2653,7347
414_400230_3170101_DMN.txt,0.089376772,0.127625788,5319,4681
414_400238_3170086_DON.txt,-0.69399974,-0.990998683,2523,7477
414_400245_1909020_DON.txt,0.22681085,0.323875127,5810,4190
414_400245_1909177_DON.txt,0.31940639,0.456097162,6140,3860
414_400245_1911075_DON.txt,-0.11129969,-0.158930674,4603,5397
414_400245_3170012_DON.txt,-0.11442161,-0.163388627,4592,5408
414_400249_3170039_DMN.txt,0.27613998,0.394314783,5986,4014
414_400253_3170085_DON.txt,-0.74781633,-1.067846219,2330,7670
414_400263_1908013_DON.txt,-0.26985224,-0.385336188,4037,5963
414_400263_3170004_DMN.txt,-0.88572608,-1.264774795,1838,8162
414_400263_3170040_DON.txt,-0.22869425,-0.326564533,4184,5816
414_400263_3170043_DON.txt,-0.51522175,-0.735712201,3161,6839
414_400263_3170045_DON.txt,-0.56765369,-0.810582522,2974,7026
414_400279_1909240_ROY.txt,0.36251698,0.517657038,6294,3706
414_400283_1909088_DON.txt,-1.0053661,-1.435615064,1411,8589
414_400289_1909012_DON.txt,-0.74623084,-1.065582215,2336,7664
414_400289_1909190_DON.txt,-0.8513495,-1.215686671,1961,8039
414_400289_2897018_DON.txt,-0.13838976,-0.197614008,4506,5494
414_400289_3170076_DON.txt,0.4262822,0.608710745,6522,3478
414_400303_3170034_RMY.txt,1.3488369,1.926075062,9815,185
414_400305_1908040_RON.txt,0.045071441,0.064359878,5161,4839
414_400305_2897010_RMN.txt,1.3052272,1.86380248,9660,340
414_400307_1909110_ROY.txt,0.52868547,0.754937754,6887,3113
414_400307_3170103_ROY.txt,0.98875062,1.411888948,8530,1470
414_400311_1912022_RON.txt,1.0633227,1.518374338,8796,1204
414_400314_3170080_DON.txt,-0.1784918,-0.254877817,4363,5637
414_400315_1909022_ROY.txt,0.8487817,1.212019975,8030,1970
414_400317_3170111_ROY.txt,0.29906596,0.427051994,6068,3932
414_400324_1909101_ROY.txt,0.55035881,0.785886254,6965,3035
414_400342_1909064_ROY.txt,0.89309307,1.275294507,8188,1812
414_400343_1909054_RON.txt,-0.8237754,-1.176312165,2059,7941
414_400343_1909057_RON.txt,-0.23287158,-0.332529561,4169,5831
414_400343_1912035_RON.txt,0.77270256,1.103382574,7758,2242
414_400343_2897009_RON.txt,1.121997,1.602158453,9005,995
414_400343_2897011_RON.txt,-0.016569101,-0.02365989,4941,5059
414_400343_2897019_RON.txt,-0.1051211,-0.150107941,4625,5375
414_400343_3170026_RON.txt,0.14226887,0.203153193,5508,4492
414_400349_1909084_DOY.txt,0.4460865,0.636990346,6592,3408
414_400357_3170020_ION.txt,-0.19647704,-0.280559886,4299,5701
414_400364_1909016_DON.txt,-0.13724136,-0.195974147,4510,5490
414_400364_1909119_DON.txt,0.16388325,0.234017501,5585,4415
414_400364_1909169_DON.txt,-0.003762099,-0.005372098,4987,5013
414_400364_1909176_DON.txt,0.26010174,0.371412937,5929,4071
414_400364_1911081_DON.txt,-1.0002806,-1.428353212,1429,8571
414_400364_1912004_DON.txt,1.0633227,1.518374338,8796,1204
414_400364_1912007_DON.txt,0.400028,0.571220994,6428,3572
414_400364_2897004_DON.txt,0.54341056,0.775964483,6940,3060
414_400365_1909008_ROY.txt,0.38779807,0.553757235,6384,3616
414_400365_1909031_ROY.txt,0.65532137,0.935767807,7339,2661
414_400365_1909033_ROY.txt,-0.086092594,-0.122936137,4693,5307
414_400365_1909035_ROY.txt,-0.18125793,-0.258827719,4353,5647
414_400365_1909037_ROY.txt,1.0633227,1.518374338,8796,1204
414_400365_1909062_ROY.txt,0.63667072,0.909135564,7273,2727
414_400365_1909095_ROY.txt,-0.46363299,-0.6620459,3345,6655
414_400365_1912036_ROY.txt,-0.088527817,-0.12641352,4684,5316
414_400365_1912040_ROY.txt,-1.069718,-1.527506523,1181,8819
414_400365_2897005_ROY.txt,0.47198449,0.673971446,6685,3315
414_400365_2897007_ROY.txt,0.26759143,0.382107859,5955,4045
414_400365_2897022_ROY.txt,0.44568663,0.63641935,6591,3409
414_400365_2897025_ROY.txt,1.2784594,1.825579333,9564,436
414_400365_2897026_ROY.txt,0.50209103,0.716962156,6792,3208
414_400365_3170047_RMY.txt,1.5580665,2.224844998,10000,0
414_400365_3170048_RMY.txt,1.5395042,2.198338915,10000,0
414_400365_3170056_ROY.txt,0.83224663,1.18840868,7971,2029
414_400365_3170063_ROY.txt,0.84375883,1.204847555,8012,1988
414_400365_3170073_ROY.txt,1.026285,1.465486261,8664,1336
414_400365_3170082_ROY.txt,-0.17635279,-0.251823412,4370,5630
414_400365_3170108_ROY.txt,0.22011659,0.314316041,5786,4214
414_400365_3170110_ROY.txt,-0.55667778,-0.794909443,3013,6987
414_400370_1909086_ROY.txt,-0.12518791,-0.178762393,4553,5447
414_400377_3170097_DOY.txt,0.34053849,0.486272798,6216,3784
414_400378_1908048_DON.txt,-0.99974745,-1.427591899,1431,8569
414_400381_1909005_ROY.txt,0.4343299,0.620202479,6551,3449
414_400381_3170092_ROY.txt,0.37714474,0.538544785,6346,3654
414_400385_1912003_ROY.txt,1.6177959,2.310135746,10000,0
414_400385_3170030_RMY.txt,0.24066667,0.34366058,5859,4141
414_400385_3170074_ROY.txt,0.068572619,0.097918445,5245,4755
414_400387_3170087_DMN.txt,0.003303118,0.004716696,5012,4988
414_400402_3170066_DON.txt,-0.40819081,-0.582877099,3543,6457
414_400405_1909082_ROY.txt,0.37543675,0.536105856,6340,3660
414_400413_3170032_DON.txt,-1.0389372,-1.483553002,1291,8709
414_400415_1909114_DON.txt,1.2110222,1.729282212,9323,677
414_400421_3170018_ROY.txt,0.068305696,0.097537291,5244,4756
414_400424_1909051_DON.txt,0.54840451,0.783095607,6958,3042
414_400434_1909071_ROY.txt,0.21208134,0.302842086,5757,4243
414_400436_3170016_DON.txt,-0.10703631,-0.152842769,4618,5382
414_400441_1909107_ROY.txt,0.93845744,1.340072674,8350,1650
414_400617_1909241_ROY.txt,1.2733858,1.818334473,9546,454
414_400617_1911026_ROY.txt,1.0633227,1.518374338,8796,1204
414_400617_3170064_ROY.txt,0.37290305,0.532487853,6331,3669
414_400622_2897016_RON.txt,0.31691144,0.452534492,6131,3869
414_400637_1909030_ROY.txt,0.024950144,0.035627621,5089,4911
414_400637_1909032_ROY.txt,0.062088197,0.088658998,5222,4778
414_400637_1909034_ROY.txt,0.67108529,0.958277937,7396,2604
414_400637_1909036_ROY.txt,1.4331533,2.046474878,10000,0
414_400651_1909043_ROY.txt,1.3679234,1.953329678,9883,117
414_400654_1909049_ROY.txt,0.60425732,0.862850768,7157,2843
414_400663_1908017_DON.txt,-0.33909064,-0.484205337,3789,6211
472_400061_2238006_ROY.txt,0.90161617,1.012418923,7531,2469
472_400077_2238010_ROY.txt,-0.10469362,-0.117559784,4706,5294
472_400077_2238013_ROY.txt,0.38687274,0.434416879,6086,3914
472_400077_2238014_ROY.txt,0.14586214,0.163787647,5409,4591
472_400077_2238018_ROY.txt,0.24269597,0.272521724,5681,4319
472_400115_2238001_ROY.txt,0.9943183,1.116513541,7791,2209
472_400115_2238002_ROY.txt,0.81437975,0.914461716,7286,2714
472_400115_2238003_ROY.txt,1.4955913,1.679389727,9198,802
472_400115_2238005_ROY.txt,-0.17262136,-0.193835401,4515,5485
472_400115_2238009_ROY.txt,0.65354696,0.733863624,6835,3165
472_400115_2238021_ROY.txt,0.99995126,1.122838755,7807,2193
472_400115_2238024_ROY.txt,0.99995126,1.122838755,7807,2193
472_400115_2238031_ROY.txt,0.99995126,1.122838755,7807,2193
472_400151_2238028_ROY.txt,0.1368944,0.15371783,5384,4616
472_400170_2238012_DON.txt,-1.3930442,-1.564240257,1089,8911
472_400170_2238017_DON.txt,-0.082577059,-0.092725242,4768,5232
472_400263_2238008_DON.txt,-0.88001221,-0.988159977,2530,7470
472_400278_2238030_DON.txt,-2.1023924,-2.360762729,0,10000
472_400314_2238033_DON.txt,0.039093325,0.04389764,5110,4890
472_400378_2238004_DON.txt,-1.0633821,-1.194064832,2015,7985
472_400378_2238011_DON.txt,-1.0142258,-1.138867543,2153,7847
472_400378_2238037_DON.txt,-0.99974745,-1.122609898,2193,7807
472_400378_2238039_DON.txt,-0.5577373,-0.626279581,3434,6566
472_400637_2238038_ROY.txt,0.12791893,0.143639333,5359,4641
472_400663_2238020_DON.txt,0.03412727,0.038321289,5096,4904
506_400004_2390015_ROY.txt,0.5953173,0.772145116,6930,3070
506_400009_2389019_DMY.txt,0.97211049,1.260857643,8152,1848
506_400029_2385007_ROY.txt,-0.36359295,-0.471591403,3821,6179
506_400029_2390090_ROY.txt,-0.24993549,-0.32417413,4190,5810
506_400031_2390026_DON.txt,-1.0805956,-1.401566216,1496,8504
506_400033_2385017_DON.txt,-0.16929091,-0.219575593,4451,5549
506_400035_2390054_RMN.txt,0.024229989,0.031427052,5079,4921
506_400035_2390060_RMN.txt,0.47781217,0.619737296,6549,3451
506_400035_2390078_RON.txt,1.0633227,1.379162725,8448,1552
506_400035_2390115_RON.txt,0.60937061,0.790372698,6976,3024
506_400046_2389043_ROY.txt,1.2751003,1.653844882,9135,865
506_400057_2390106_ROY.txt,0.51403619,0.66672098,6667,3333
506_400065_2385025_DOY.txt,0.000190626,0.000247248,5001,4999
506_400065_2389001_DMY.txt,-0.38244641,-0.496044929,3760,6240
506_400065_2389039_DOY.txt,1.0633227,1.379162725,8448,1552
506_400065_2389044_DOY.txt,-0.32729917,-0.424517238,3939,6061
506_400065_2390012_DOY.txt,0.76546028,0.992825871,7482,2518
506_400065_2390058_DMY.txt,0.31406486,0.407351925,6018,3982
506_400088_2390002_ROY.txt,-1.2078057,-1.566561685,1084,8916
506_400088_2390004_ROY.txt,0.4555582,0.590873202,6477,3523
506_400088_2390008_ROY.txt,-0.059927491,-0.077727826,4806,5194
506_400100_2390075_DON.txt,-0.69818148,-0.905563168,2736,7264
506_400103_2390025_DON.txt,-0.8384722,-1.08752461,2281,7719
506_400109_2390039_DON.txt,0.35338235,0.458347936,6146,3854
506_400109_2390046_DON.txt,-0.59105391,-0.766615367,3083,6917
506_400115_2385027_ROY.txt,0.98290215,1.274854762,8187,1813
506_400116_2389017_RMY.txt,2.0764914,2.693274148,10000,0
506_400122_2390017_DON.txt,-0.17729862,-0.229961843,4425,5575
506_400125_2390022_DMN.txt,0.13813375,0.179163785,5448,4552
506_400129_2389041_DON.txt,-0.22193973,-0.287862756,4280,5720
506_400129_2390043_DON.txt,0.38582101,0.50042189,6251,3749
506_400134_2389029_ROY.txt,1.1317667,1.467936729,8670,1330
506_400144_2390092_ROY.txt,0.070016692,0.090813835,5227,4773
506_400149_2385015_RON.txt,0.36565462,0.474265453,6186,3814
506_400149_2389053_RON.txt,0.39908936,0.517631354,6294,3706
506_400149_2390067_RON.txt,0.007610356,0.00987087,5025,4975
506_400154_2389005_RMY.txt,0.94308386,1.223209198,8058,1942
506_400158_2390011_ROY.txt,1.2698006,1.646971005,9117,883
506_400162_2388017_DMN.txt,-0.7459755,-0.967553503,2581,7419
506_400171_2385001_ROY.txt,0.98340425,1.275506002,8189,1811
506_400171_2385002_ROY.txt,0.89629169,1.162518293,7906,2094
506_400171_2385035_ROY.txt,1.0440189,1.354125094,8385,1615
506_400174_2390021_RMY.txt,0.45624247,0.591760722,6479,3521
506_400176_2385019_ROY.txt,1.0727644,1.391408905,8479,1521
506_400176_2388007_ROY.txt,-1.2078057,-1.566561685,1084,8916
506_400176_2388009_ROY.txt,0.016217123,0.021034115,5053,4947
506_400176_2388011_ROY.txt,0.3245512,0.420953035,6052,3948
506_400176_2388013_ROY.txt,0.21399883,0.277563161,5694,4306
506_400176_2388015_ROY.txt,0.78573416,1.019121726,7548,2452
506_400184_2390027_DON.txt,-0.36617811,-0.474944436,3813,6187
506_400189_2390080_DON.txt,0.058095203,0.075351291,5188,4812
506_400193_2385021_DON.txt,-0.23468784,-0.304397452,4239,5761
506_400193_2390110_DON.txt,-0.7695201,-0.998091584,2505,7495
506_400204_2390020_DMN.txt,-0.47369761,-0.614400583,3464,6536
506_400218_2389049_DON.txt,0.67503268,0.875538452,7189,2811
506_400218_2390118_DMN.txt,-0.024671303,-0.03199945,4920,5080
506_400222_2390102_RON.txt,-0.8669027,-1.124399856,2189,7811
506_400227_2389027_DON.txt,-1.0987711,-1.425140406,1437,8563
506_400263_2385008_DON.txt,0.68789854,0.892225874,7231,2769
506_400263_2385034_DON.txt,-0.30757096,-0.398929134,4003,5997
506_400263_2385036_DON.txt,-1.0000663,-1.297117201,1757,8243
506_400278_2390056_DON.txt,0.16162617,0.209634186,5524,4476
506_400278_2390120_DON.txt,-0.99965824,-1.296587934,1759,8241
506_400283_2389055_DON.txt,-0.51626708,-0.669614514,3326,6674
506_400303_2389051_RMY.txt,1.4668947,1.902608204,9757,243
506_400313_2389023_ROY.txt,0.83696456,1.085569154,7714,2286
506_400314_2390094_DON.txt,-0.80054986,-1.038338151,2404,7596
506_400322_2385031_ROY.txt,-0.45627071,-0.59179735,3521,6479
506_400322_2388001_ROY.txt,1.7372926,2.253322719,10000,0
506_400322_2388008_ROY.txt,-0.2063417,-0.267631624,4331,5669
506_400322_2388010_ROY.txt,0.60129785,0.779902076,6950,3050
506_400322_2388012_ROY.txt,0.4504439,0.584239795,6461,3539
506_400322_2388014_ROY.txt,0.60129785,0.779902076,6950,3050
506_400322_2388018_ROY.txt,1.1824656,1.533694785,8834,1166
506_400322_2389010_ROY.txt,-0.35605428,-0.461813513,3845,6155
506_400322_2389034_ROY.txt,-0.26634022,-0.345451577,4136,5864
506_400322_2389038_ROY.txt,1.0633227,1.379162725,8448,1552
506_400322_2389047_ROY.txt,0.19328227,0.250693136,5627,4373
506_400322_2390003_ROY.txt,0.20489013,0.265748893,5664,4336
506_400322_2390007_ROY.txt,0.10089795,0.13086779,5327,4673
506_400322_2390036_ROY.txt,0.44805408,0.581140124,6453,3547
506_400322_2390040_ROY.txt,-0.88262092,-1.144786878,2138,7862
506_400322_2390044_ROY.txt,-0.70166186,-0.910077329,2725,7275
506_400322_2390047_ROY.txt,-1.1411468,-1.480103012,1300,8700
506_400322_2390048_ROY.txt,0.020101274,0.02607198,5065,4935
506_400322_2390051_ROY.txt,1.4988248,1.94402254,9860,140
506_400322_2390061_ROY.txt,1.0633227,1.379162725,8448,1552
506_400322_2390116_ROY.txt,0.65931624,0.855153739,7138,2862
506_400322_2390121_ROY.txt,-1.069718,-1.387457629,1531,8469
506_400331_2388005_DON.txt,0.98677198,1.279874053,8200,1800
506_400331_2388016_DON.txt,0.27557541,0.357429907,5894,4106
506_400331_2389020_DON.txt,-0.060084906,-0.077931998,4805,5195
506_400331_2390049_DON.txt,0.56028841,0.726711553,6817,3183
506_400331_2390050_DON.txt,1.0633227,1.379162725,8448,1552
506_400331_2390052_DON.txt,1.3458422,1.745599334,9364,636
506_400335_2388004_ROY.txt,-0.002406563,-0.003121387,4992,5008
506_400381_2390029_RMY.txt,0.50007694,0.648615397,6622,3378
506_400387_2390023_DMN.txt,-1.4714803,-1.90855587,229,9771
506_400396_2390069_DMN.txt,0.33052215,0.428697543,6072,3928
506_400419_2390014_ROY.txt,-0.30369041,-0.393895939,4015,5985
506_400419_2390112_ROY.txt,-0.34146522,-0.442891047,3893,6107
506_400423_2389003_DMN.txt,-0.31721742,-0.411440893,3971,6029
506_400436_2385013_DON.txt,-1.8108523,-2.348731945,0,10000
506_400443_2389031_DOY.txt,-0.68354904,-0.886584437,2784,7216
506_400443_2389035_DOY.txt,0.36330148,0.471213357,6178,3822
506_400618_2389011_DOY.txt,0.71358528,0.925542377,7314,2686
506_400645_2389025_DOY.txt,1.1873721,1.540058668,8850,1150
599_400100_2990012_DON.txt,-1.7914193,-2.00585783,0,10000
599_400100_2990016_DON.txt,-0.52939583,-0.592766177,3518,6482
599_400100_2990018_DON.txt,-0.3649602,-0.408647085,3978,6022
599_400170_2990004_DON.txt,-0.17816369,-0.199490445,4501,5499
599_400170_2990006_DON.txt,0.35135705,0.393415595,5984,4016
599_400170_2990026_DON.txt,-0.62454961,-0.699310164,3252,6748
599_400170_2990028_DON.txt,0.64654819,0.723942044,6810,3190
599_400239_2993001_RMY.txt,0.94763814,1.061073409,7653,2347
599_400239_2993002_ROY.txt,1.1550791,1.293345705,8233,1767
599_400239_2993005_ROY.txt,-1.0000663,-1.119777384,2201,7799
599_400300_2993003_DOY.txt,0.1229273,0.137642085,5344,4656
599_400328_2990001_ROY.txt,0.98340425,1.101120835,7753,2247
599_400328_2990002_ROY.txt,1.1990476,1.342577372,8356,1644
599_400328_2990003_RMY.txt,1.5499689,1.735505057,9339,661
599_400328_2990009_ROY.txt,-0.67051911,-0.750782358,3123,6877
599_400328_2990015_ROY.txt,-0.3190386,-0.357228525,4107,5893
599_400328_2990019_ROY.txt,-0.98115401,-1.098601234,2253,7747
599_400328_2990021_ROY.txt,0.5192506,0.581406531,6454,3546
599_400328_2990023_ROY.txt,0.47722702,0.534352597,6336,3664
599_400328_2990027_ROY.txt,0.53200914,0.595692309,6489,3511
599_400328_2990029_ROY.txt,1.0006575,1.120439353,7801,2199
599_400328_2990030_ROY.txt,-1.0000663,-1.119777384,2201,7799
